subject,room_condition,target_distance,block,perc_dist_sd,perc_dist_sem,perc_dist_var,perc_dist_n,perc_dist,rel_bias_signed_sd,rel_bias_signed_sem,rel_bias_signed_var,rel_bias_signed_n,rel_bias_signed,rel_bias_unsigned_sd,rel_bias_unsigned_sem,rel_bias_unsigned_var,rel_bias_unsigned_n,rel_bias_unsigned,abs_bias_sd,abs_bias_sem,abs_bias_var,abs_bias_n
1,OSCURAS,2,1,0.05773502691896263,0.03333333333333337,0.003333333333333339,3,1.5333333333333334,0.028867513459481315,0.016666666666666684,8.333333333333348e-4,3,-0.2333333333333333,0.028867513459481315,0.016666666666666684,8.333333333333348e-4,3,0.2333333333333333,0.05773502691896263,0.03333333333333337,0.003333333333333339,3
2,OSCURAS,2,1,0.28867513459481287,0.16666666666666666,0.08333333333333333,3,1.3333333333333333,0.14433756729740643,0.08333333333333333,0.020833333333333332,3,-0.3333333333333333,0.14433756729740643,0.08333333333333333,0.020833333333333332,3,0.3333333333333333,0.28867513459481287,0.16666666666666666,0.08333333333333333,3
3,OSCURAS,2,1,0.05773502691896256,0.033333333333333326,0.003333333333333332,3,0.4666666666666667,0.028867513459481315,0.016666666666666684,8.333333333333348e-4,3,-0.7666666666666667,0.028867513459481315,0.016666666666666684,8.333333333333348e-4,3,0.7666666666666667,0.05773502691896263,0.03333333333333337,0.003333333333333339,3
4,OSCURAS,2,1,0.6429100507328637,0.37118429085533483,0.41333333333333333,3,1.2666666666666666,0.32145502536643183,0.18559214542766742,0.10333333333333333,3,-0.36666666666666664,0.32145502536643183,0.18559214542766742,0.10333333333333333,3,0.36666666666666664,0.6429100507328637,0.37118429085533483,0.41333333333333333,3
5,OSCURAS,2,1,0.28867513459481287,0.16666666666666666,0.08333333333333333,3,1.1666666666666667,0.14433756729740643,0.08333333333333333,0.020833333333333332,3,-0.4166666666666667,0.14433756729740643,0.08333333333333333,0.020833333333333332,3,0.4166666666666667,0.28867513459481287,0.16666666666666666,0.08333333333333333,3
6,OSCURAS,2,1,0.15275252316519466,0.08819171036881969,0.02333333333333333,3,0.3333333333333333,0.07637626158259735,0.04409585518440985,0.0058333333333333345,3,-0.8333333333333334,0.07637626158259735,0.04409585518440985,0.0058333333333333345,3,0.8333333333333334,0.1527525231651947,0.0881917103688197,0.023333333333333338,3
7,OSCURAS,2,1,0.21794494717703367,0.12583057392117916,0.0475,3,0.25,0.10897247358851683,0.06291528696058958,0.011874999999999998,3,-0.875,0.10897247358851683,0.06291528696058958,0.011874999999999998,3,0.875,0.21794494717703367,0.12583057392117916,0.047499999999999994,3
8,OSCURAS,2,1,0.05773502691896256,0.033333333333333326,0.003333333333333332,3,0.4666666666666667,0.028867513459481315,0.016666666666666684,8.333333333333348e-4,3,-0.7666666666666667,0.028867513459481315,0.016666666666666684,8.333333333333348e-4,3,0.7666666666666667,0.05773502691896263,0.03333333333333337,0.003333333333333339,3
9,OSCURAS,2,1,1,0.5773502691896258,1,3,2,0.5,0.2886751345948129,0.25,3,0,0.28867513459481287,0.16666666666666666,0.08333333333333333,3,0.3333333333333333,0.5773502691896257,0.3333333333333333,0.3333333333333333,3
11,OSCURAS,2,1,1.1547005383792515,0.6666666666666666,1.3333333333333333,3,1.6666666666666667,0.5773502691896257,0.3333333333333333,0.3333333333333333,3,-0.16666666666666666,0,0,0,3,0.5,0,0,0,3
12,OSCURAS,2,1,0.28867513459481287,0.16666666666666666,0.08333333333333333,3,0.6666666666666666,0.14433756729740643,0.08333333333333333,0.020833333333333332,3,-0.6666666666666666,0.14433756729740643,0.08333333333333333,0.020833333333333332,3,0.6666666666666666,0.28867513459481287,0.16666666666666666,0.08333333333333333,3
13,OSCURAS,2,1,0.06429100507328638,0.037118429085533484,0.004133333333333334,3,0.12666666666666668,0.03214550253664315,0.018559214542766725,0.0010333333333333312,3,-0.9366666666666666,0.03214550253664315,0.018559214542766725,0.0010333333333333312,3,0.9366666666666666,0.0642910050732863,0.03711842908553345,0.004133333333333325,3
14,OSCURAS,2,1,0.28867513459481287,0.16666666666666666,0.08333333333333333,3,0.8333333333333334,0.14433756729740643,0.08333333333333333,0.020833333333333332,3,-0.5833333333333334,0.14433756729740643,0.08333333333333333,0.020833333333333332,3,0.5833333333333334,0.28867513459481287,0.16666666666666666,0.08333333333333333,3
15,OSCURAS,2,1,0,0,0,3,2,0,0,0,3,0,0,0,0,3,0,0,0,0,3
16,OSCURAS,2,1,0.10000000000000003,0.0577350269189626,0.010000000000000007,3,1,0.050000000000000044,0.028867513459481315,0.0025000000000000044,3,-0.5,0.050000000000000044,0.028867513459481315,0.0025000000000000044,3,0.5,0.10000000000000009,0.05773502691896263,0.010000000000000018,3
17,OSCURAS,2,1,0.15275252316519466,0.08819171036881969,0.02333333333333333,3,0.3666666666666667,0.07637626158259735,0.04409585518440985,0.0058333333333333345,3,-0.8166666666666667,0.07637626158259735,0.04409585518440985,0.0058333333333333345,3,0.8166666666666667,0.1527525231651947,0.0881917103688197,0.023333333333333338,3
19,OSCURAS,2,1,0.05773502691896256,0.033333333333333326,0.003333333333333332,3,0.26666666666666666,0.028867513459481315,0.016666666666666684,8.333333333333348e-4,3,-0.8666666666666667,0.028867513459481315,0.016666666666666684,8.333333333333348e-4,3,0.8666666666666667,0.05773502691896263,0.03333333333333337,0.003333333333333339,3
20,OSCURAS,2,1,0.5773502691896257,0.3333333333333333,0.3333333333333333,3,0.8333333333333334,0.28867513459481287,0.16666666666666666,0.08333333333333333,3,-0.5833333333333334,0.28867513459481287,0.16666666666666666,0.08333333333333333,3,0.5833333333333334,0.5773502691896257,0.3333333333333333,0.3333333333333333,3
1,OSCURAS,2.7,1,0.4163331998932266,0.24037008503093266,0.17333333333333337,3,1.4666666666666668,0.15419748144193576,0.08902595741886395,0.02377686328303612,3,-0.45679012345679015,0.15419748144193576,0.08902595741886395,0.02377686328303612,3,0.45679012345679015,0.4163331998932266,0.24037008503093266,0.17333333333333337,3
2,OSCURAS,2.7,1,0.28867513459481287,0.16666666666666666,0.08333333333333333,3,2.1666666666666665,0.10691671651659736,0.06172839506172839,0.011431184270690441,3,-0.1975308641975309,0.10691671651659736,0.06172839506172839,0.011431184270690441,3,0.1975308641975309,0.28867513459481287,0.16666666666666666,0.08333333333333333,3
3,OSCURAS,2.7,1,0.14433756729740643,0.08333333333333333,0.020833333333333332,3,0.5833333333333334,0.05345835825829873,0.030864197530864227,0.002857796067672616,3,-0.7839506172839507,0.05345835825829873,0.030864197530864227,0.002857796067672616,3,0.7839506172839507,0.14433756729740643,0.08333333333333333,0.020833333333333332,3
4,OSCURAS,2.7,1,0.7637626158259734,0.4409585518440985,0.5833333333333334,3,2.1666666666666665,0.2828750428985086,0.1633179821644809,0.08001828989483309,3,-0.1975308641975309,0.1670092501045517,0.09642283550502047,0.0278920896204847,3,0.2716049382716049,0.4509249752822896,0.26034165586355523,0.20333333333333348,3
5,OSCURAS,2.7,1,0,0,0,3,1.5,0,0,0,3,-0.4444444444444445,0,0,0,3,0.4444444444444445,0,0,0,3
6,OSCURAS,2.7,1,0.36055512754639896,0.2081665999466133,0.13,3,0.6,0.13353893612829593,0.0770987407209679,0.0178326474622771,3,-0.7777777777777778,0.13353893612829593,0.0770987407209679,0.0178326474622771,3,0.7777777777777778,0.360555127546399,0.20816659994661332,0.13000000000000006,3
7,OSCURAS,2.7,1,0.02516611478423584,0.014529663145135584,6.333333333333337e-4,3,0.17333333333333334,0.00932078325342078,0.005381356720420644,8.687700045724927e-5,3,-0.9358024691358025,0.00932078325342078,0.005381356720420644,8.687700045724927e-5,3,0.9358024691358025,0.02516611478423597,0.014529663145135659,6.333333333333403e-4,3
8,OSCURAS,2.7,1,0.02886751345948128,0.016666666666666663,8.33333333333333e-4,3,0.4666666666666667,0.010691671651659655,0.006172839506172793,1.1431184270690271e-4,3,-0.8271604938271605,0.010691671651659655,0.006172839506172793,1.1431184270690271e-4,3,0.8271604938271605,0.028867513459481187,0.016666666666666607,8.333333333333274e-4,3
9,OSCURAS,2.7,1,1.1547005383792515,0.6666666666666666,1.3333333333333333,3,2.3333333333333335,0.42766686606638943,0.24691358024691357,0.18289894833104706,3,-0.13580246913580252,0.29936680624647266,0.17283950617283955,0.0896204846822131,3,0.28395061728395055,0.8082903768654762,0.4666666666666668,0.6533333333333337,3
11,OSCURAS,2.7,1,1.0408329997330663,0.6009252125773316,1.0833333333333333,3,1.8333333333333333,0.38549370360483937,0.22256489354715983,0.14860539551897575,3,-0.3209876543209877,0.26276292165176257,0.15170624354869766,0.0690443529949703,3,0.3950617283950617,0.7094598884597589,0.40960685758148374,0.5033333333333336,3
12,OSCURAS,2.7,1,0.28867513459481287,0.16666666666666666,0.08333333333333333,3,1.1666666666666667,0.10691671651659736,0.06172839506172839,0.011431184270690443,3,-0.5679012345679013,0.10691671651659736,0.06172839506172839,0.011431184270690443,3,0.5679012345679013,0.28867513459481287,0.16666666666666666,0.08333333333333333,3
13,OSCURAS,2.7,1,0.3785938897200183,0.21858128414340006,0.14333333333333337,3,0.6666666666666667,0.14021995915556235,0.08095603116422226,0.019661636945587573,3,-0.7530864197530864,0.14021995915556235,0.08095603116422226,0.019661636945587573,3,0.7530864197530864,0.37859388972001834,0.21858128414340008,0.1433333333333334,3
14,OSCURAS,2.7,1,0.28867513459481287,0.16666666666666666,0.08333333333333333,3,0.8333333333333334,0.1069167165165974,0.06172839506172842,0.01143118427069045,3,-0.6913580246913581,0.1069167165165974,0.06172839506172842,0.01143118427069045,3,0.6913580246913581,0.28867513459481287,0.16666666666666666,0.08333333333333333,3
15,OSCURAS,2.7,1,0.28867513459481287,0.16666666666666666,0.08333333333333333,3,2.1666666666666665,0.10691671651659736,0.06172839506172839,0.011431184270690441,3,-0.1975308641975309,0.10691671651659736,0.06172839506172839,0.011431184270690441,3,0.1975308641975309,0.28867513459481287,0.16666666666666666,0.08333333333333333,3
16,OSCURAS,2.7,1,0.11547005383792512,0.06666666666666665,0.013333333333333327,3,1.4333333333333333,0.04276668660663891,0.02469135802469134,0.001828989483310468,3,-0.46913580246913583,0.04276668660663891,0.02469135802469134,0.001828989483310468,3,0.46913580246913583,0.11547005383792512,0.06666666666666665,0.013333333333333327,3
17,OSCURAS,2.7,1,0.8082903768654761,0.46666666666666673,0.6533333333333333,3,1.5333333333333332,0.2993668062464726,0.1728395061728395,0.08962048468221306,3,-0.4320987654320988,0.2993668062464726,0.1728395061728395,0.08962048468221306,3,0.4320987654320988,0.808290376865476,0.4666666666666667,0.6533333333333332,3
19,OSCURAS,2.7,1,0.11547005383792516,0.06666666666666668,0.013333333333333334,3,0.43333333333333335,0.042766686606638946,0.02469135802469136,0.0018289894833104707,3,-0.8395061728395062,0.042766686606638946,0.02469135802469136,0.0018289894833104707,3,0.8395061728395062,0.11547005383792526,0.06666666666666674,0.013333333333333357,3
20,OSCURAS,2.7,1,0.40414518843273806,0.23333333333333336,0.16333333333333336,3,0.9333333333333333,0.14968340312323636,0.08641975308641979,0.022405121170553283,3,-0.654320987654321,0.14968340312323636,0.08641975308641979,0.022405121170553283,3,0.654320987654321,0.40414518843273806,0.23333333333333336,0.16333333333333336,3
1,OSCURAS,3.65,1,0.20816659994661332,0.12018504251546634,0.043333333333333356,3,1.8666666666666667,0.05703194519085298,0.03292740890834695,0.003252642772252458,3,-0.4885844748858448,0.05703194519085298,0.03292740890834695,0.003252642772252458,3,0.4885844748858448,0.20816659994661332,0.12018504251546634,0.043333333333333356,3
2,OSCURAS,3.65,1,0.5,0.2886751345948129,0.25,3,3,0.136986301369863,0.07908907797118161,0.018765246762994934,3,-0.1780821917808219,0.136986301369863,0.07908907797118161,0.018765246762994934,3,0.1780821917808219,0.5,0.2886751345948129,0.25,3
3,OSCURAS,3.65,1,0.3818813079129867,0.22047927592204924,0.14583333333333334,3,1.0833333333333333,0.10462501586657166,0.06040528107453402,0.010946393945080372,3,-0.7031963470319634,0.10462501586657166,0.06040528107453402,0.010946393945080372,3,0.7031963470319634,0.3818813079129867,0.22047927592204924,0.14583333333333334,3
4,OSCURAS,3.65,1,1.6072751268321592,0.9279607271383371,2.5833333333333335,3,2.1666666666666665,0.44034934981702994,0.25423581565433895,0.193907549884281,3,-0.406392694063927,0.33142004222144394,0.1913454505913878,0.10983924438606367,3,0.4703196347031964,1.2096831541082702,0.6984108946585654,1.4633333333333332,3
5,OSCURAS,3.65,1,0,0,0,3,2,0,0,0,3,-0.4520547945205479,0,0,0,3,0.4520547945205479,0,0,0,3
6,OSCURAS,3.65,1,0.5,0.2886751345948129,0.25,3,1,0.136986301369863,0.07908907797118161,0.01876524676299493,3,-0.726027397260274,0.136986301369863,0.07908907797118161,0.01876524676299493,3,0.726027397260274,0.5,0.2886751345948129,0.25,3
7,OSCURAS,3.65,1,0.18027756377319948,0.10408329997330665,0.0325,3,0.25,0.04939111336252043,0.028515972595426493,0.002439482079189344,3,-0.9315068493150684,0.04939111336252043,0.028515972595426493,0.002439482079189344,3,0.9315068493150684,0.1802775637731995,0.10408329997330666,0.032500000000000015,3
8,OSCURAS,3.65,1,0.28867513459481287,0.16666666666666666,0.08333333333333333,3,1.1666666666666667,0.0790890779711816,0.045662100456621,0.006255082254331644,3,-0.680365296803653,0.0790890779711816,0.045662100456621,0.006255082254331644,3,0.680365296803653,0.28867513459481287,0.16666666666666666,0.08333333333333333,3
9,OSCURAS,3.65,1,0.5773502691896257,0.3333333333333333,0.3333333333333333,3,2.6666666666666665,0.1581781559423632,0.091324200913242,0.025020329017326575,3,-0.2694063926940639,0.1581781559423632,0.091324200913242,0.025020329017326575,3,0.2694063926940639,0.5773502691896257,0.3333333333333333,0.3333333333333333,3
11,OSCURAS,3.65,1,1.1547005383792515,0.6666666666666666,1.3333333333333333,3,2.6666666666666665,0.31635631188472646,0.18264840182648404,0.10008131606930631,3,-0.2694063926940639,0.20563160272507217,0.1187214611872146,0.042284356039281906,3,0.3333333333333333,0.7505553499465134,0.4333333333333333,0.5633333333333331,3
12,OSCURAS,3.65,1,0.28867513459481287,0.16666666666666666,0.08333333333333333,3,0.8333333333333334,0.0790890779711816,0.045662100456621,0.006255082254331644,3,-0.771689497716895,0.0790890779711816,0.045662100456621,0.006255082254331644,3,0.771689497716895,0.28867513459481287,0.16666666666666666,0.08333333333333333,3
13,OSCURAS,3.65,1,0.5033222956847166,0.2905932629027116,0.25333333333333335,3,1.4666666666666666,0.13789651936567582,0.07961459257608539,0.019015450053168206,3,-0.5981735159817352,0.13789651936567582,0.07961459257608539,0.019015450053168206,3,0.5981735159817352,0.5033222956847166,0.2905932629027116,0.25333333333333335,3
14,OSCURAS,3.65,1,0,0,0,3,1.5,0,0,0,3,-0.589041095890411,0,0,0,3,0.589041095890411,0,0,0,3
15,OSCURAS,3.65,1,0,0,0,3,3,0,0,0,3,-0.1780821917808219,0,0,0,3,0.1780821917808219,0,0,0,3
16,OSCURAS,3.65,1,0.5859465277082315,0.338296385503074,0.3433333333333333,3,1.8333333333333333,0.16053329526252919,0.09268394123371891,0.025770938887846376,3,-0.4977168949771689,0.16053329526252919,0.09268394123371891,0.025770938887846376,3,0.4977168949771689,0.5859465277082315,0.338296385503074,0.3433333333333333,3
17,OSCURAS,3.65,1,0.8660254037844386,0.5,0.75,3,1.5,0.23726723391354487,0.13698630136986303,0.05629574028898481,3,-0.589041095890411,0.23726723391354487,0.13698630136986303,0.05629574028898481,3,0.589041095890411,0.8660254037844386,0.5,0.75,3
19,OSCURAS,3.65,1,0.2645751311064591,0.1527525231651947,0.07,3,0.7,0.07248633728944083,0.04185000634662867,0.005254269093638581,3,-0.8082191780821918,0.07248633728944083,0.04185000634662867,0.005254269093638581,3,0.8082191780821918,0.264575131106459,0.15275252316519466,0.06999999999999999,3
20,OSCURAS,3.65,1,0.5,0.2886751345948129,0.25,3,1.5,0.13698630136986303,0.07908907797118163,0.018765246762994937,3,-0.589041095890411,0.13698630136986303,0.07908907797118163,0.018765246762994937,3,0.589041095890411,0.5,0.2886751345948129,0.25,3
1,OSCURAS,4.9,1,0.20816659994661332,0.12018504251546634,0.043333333333333356,3,1.9333333333333333,0.042482979580941466,0.02452755969703393,0.0018048035540746898,3,-0.6054421768707483,0.042482979580941466,0.02452755969703393,0.0018048035540746898,3,0.6054421768707483,0.2081665999466132,0.12018504251546629,0.04333333333333331,3
2,OSCURAS,4.9,1,0.28867513459481287,0.16666666666666666,0.08333333333333333,3,3.1666666666666665,0.058913292774451606,0.034013605442176874,0.003470776065528252,3,-0.3537414965986395,0.058913292774451606,0.034013605442176874,0.003470776065528252,3,0.3537414965986395,0.28867513459481287,0.16666666666666666,0.08333333333333333,3
3,OSCURAS,4.9,1,0.5,0.2886751345948129,0.25,3,1.5,0.10204081632653061,0.05891329277445161,0.010412328196584757,3,-0.6938775510204082,0.10204081632653061,0.05891329277445161,0.010412328196584757,3,0.6938775510204082,0.5,0.2886751345948129,0.25,3
4,OSCURAS,4.9,1,0.5,0.2886751345948129,0.25,3,3.5,0.1020408163265306,0.058913292774451606,0.010412328196584754,3,-0.28571428571428575,0.1020408163265306,0.058913292774451606,0.010412328196584754,3,0.28571428571428575,0.5,0.2886751345948129,0.25,3
5,OSCURAS,4.9,1,0.28867513459481287,0.16666666666666666,0.08333333333333333,3,1.8333333333333333,0.058913292774451606,0.034013605442176874,0.003470776065528252,3,-0.6258503401360545,0.058913292774451606,0.034013605442176874,0.003470776065528252,3,0.6258503401360545,0.28867513459481287,0.16666666666666666,0.08333333333333333,3
6,OSCURAS,4.9,1,0.28867513459481287,0.16666666666666666,0.08333333333333333,3,1.3333333333333333,0.058913292774451606,0.034013605442176874,0.003470776065528252,3,-0.7278911564625851,0.058913292774451606,0.034013605442176874,0.003470776065528252,3,0.7278911564625851,0.28867513459481287,0.16666666666666666,0.08333333333333333,3
7,OSCURAS,4.9,1,0.16072751268321592,0.09279607271383371,0.025833333333333337,3,0.21666666666666667,0.03280153320065639,0.018937974023231413,0.0010759405803137632,3,-0.95578231292517,0.03280153320065639,0.018937974023231413,0.0010759405803137632,3,0.95578231292517,0.16072751268321617,0.09279607271383385,0.025833333333333416,3
8,OSCURAS,4.9,1,0,0,0,3,0.5,0,0,0,3,-0.8979591836734694,0,0,0,3,0.8979591836734694,0,0,0,3
9,OSCURAS,4.9,1,1,0.5773502691896258,1,3,3,0.20408163265306117,0.1178265855489032,0.04164931278633901,3,-0.38775510204081637,0.20408163265306117,0.1178265855489032,0.04164931278633901,3,0.38775510204081637,1,0.5773502691896258,1,3
11,OSCURAS,4.9,1,1,0.5773502691896258,1,3,5,0.20408163265306123,0.11782658554890323,0.04164931278633902,3,0.020408163265306048,0.1079898494312078,0.062347968638854986,0.011661807580174932,3,0.14285714285714282,0.5291502622129183,0.30550504633038944,0.28000000000000014,3
12,OSCURAS,4.9,1,0,0,0,3,1,0,0,0,3,-0.7959183673469388,0,0,0,3,0.7959183673469388,0,0,0,3
13,OSCURAS,4.9,1,0.28867513459481287,0.16666666666666666,0.08333333333333333,3,1.8333333333333333,0.058913292774451606,0.034013605442176874,0.003470776065528252,3,-0.6258503401360545,0.058913292774451606,0.034013605442176874,0.003470776065528252,3,0.6258503401360545,0.28867513459481287,0.16666666666666666,0.08333333333333333,3
14,OSCURAS,4.9,1,0,0,0,3,1.5,0,0,0,3,-0.6938775510204082,0,0,0,3,0.6938775510204082,0,0,0,3
15,OSCURAS,4.9,1,0,0,0,3,3,0,0,0,3,-0.38775510204081637,0,0,0,3,0.38775510204081637,0,0,0,3
16,OSCURAS,4.9,1,0.11547005383792512,0.06666666666666665,0.013333333333333327,3,1.5666666666666667,0.02356531710978067,0.013605442176870763,5.553241704845216e-4,3,-0.6802721088435374,0.02356531710978067,0.013605442176870763,5.553241704845216e-4,3,0.6802721088435374,0.11547005383792526,0.06666666666666674,0.013333333333333357,3
17,OSCURAS,4.9,1,1,0.5773502691896258,1,3,2,0.2040816326530612,0.11782658554890321,0.041649312786339016,3,-0.5918367346938775,0.2040816326530612,0.11782658554890321,0.041649312786339016,3,0.5918367346938775,1,0.5773502691896258,1,3
19,OSCURAS,4.9,1,0.30138568866708537,0.1740051084818425,0.09083333333333332,3,0.7166666666666667,0.061507283401445956,0.035511246628947425,0.003783145911425789,3,-0.8537414965986394,0.061507283401445956,0.035511246628947425,0.003783145911425789,3,0.8537414965986394,0.3013856886670852,0.1740051084818424,0.09083333333333322,3
20,OSCURAS,4.9,1,0.4330127018922193,0.25,0.1875,3,1.75,0.08836993916167744,0.05102040816326533,0.007809246147438573,3,-0.6428571428571429,0.08836993916167744,0.05102040816326533,0.007809246147438573,3,0.6428571428571429,0.4330127018922193,0.25,0.1875,3
1,OSCURAS,6.65,1,0.1527525231651948,0.08819171036881977,0.023333333333333376,3,2.066666666666667,0.022970304235367618,0.013261911333657096,5.276348766653475e-4,3,-0.6892230576441103,0.022970304235367618,0.013261911333657096,5.276348766653475e-4,3,0.6892230576441103,0.1527525231651945,0.08819171036881959,0.023333333333333286,3
2,OSCURAS,6.65,1,0.28867513459481287,0.16666666666666666,0.08333333333333333,3,3.6666666666666665,0.04340979467591171,0.025062656641604012,0.0018844102738048126,3,-0.4486215538847118,0.04340979467591171,0.025062656641604012,0.0018844102738048126,3,0.4486215538847118,0.28867513459481287,0.16666666666666666,0.08333333333333333,3
3,OSCURAS,6.65,1,0,0,0,3,2,0,0,0,3,-0.6992481203007519,0,0,0,3,0.6992481203007519,0,0,0,3
4,OSCURAS,6.65,1,0.5,0.2886751345948129,0.25,3,5,0.07518796992481203,0.04340979467591171,0.005653230821414438,3,-0.24812030075187974,0.07518796992481203,0.04340979467591171,0.005653230821414438,3,0.24812030075187974,0.5,0.2886751345948129,0.25,3
5,OSCURAS,6.65,1,0.28867513459481287,0.16666666666666666,0.08333333333333333,3,2.3333333333333335,0.04340979467591171,0.025062656641604012,0.0018844102738048126,3,-0.6491228070175439,0.04340979467591171,0.025062656641604012,0.0018844102738048126,3,0.6491228070175439,0.28867513459481287,0.16666666666666666,0.08333333333333333,3
6,OSCURAS,6.65,1,0.360555127546399,0.20816659994661332,0.13000000000000006,3,1.9000000000000001,0.05421881617239081,0.03130324811227267,0.0029396800271355075,3,-0.7142857142857143,0.05421881617239081,0.03130324811227267,0.0029396800271355075,3,0.7142857142857143,0.360555127546399,0.20816659994661332,0.13000000000000006,3
7,OSCURAS,6.65,1,0.23629078131263045,0.1364225461978742,0.055833333333333346,3,0.6166666666666667,0.035532448317688814,0.020514668601184102,0.0012625548834492267,3,-0.9072681704260652,0.035532448317688814,0.020514668601184102,0.0012625548834492267,3,0.9072681704260652,0.23629078131263057,0.13642254619787425,0.05583333333333341,3
8,OSCURAS,6.65,1,0.15000000000000002,0.08660254037844388,0.022500000000000006,3,1.15,0.022556390977443608,0.013022938402773514,5.087907739272994e-4,3,-0.8270676691729323,0.022556390977443608,0.013022938402773514,5.087907739272994e-4,3,0.8270676691729323,0.1499999999999999,0.08660254037844382,0.022499999999999975,3
9,OSCURAS,6.65,1,0.5773502691896257,0.3333333333333333,0.3333333333333333,3,4.666666666666667,0.08681958935182342,0.050125313283208024,0.00753764109521925,3,-0.29824561403508776,0.08681958935182342,0.050125313283208024,0.00753764109521925,3,0.29824561403508776,0.5773502691896257,0.3333333333333333,0.3333333333333333,3
11,OSCURAS,6.65,1,1,0.5773502691896258,1,3,4,0.15037593984962405,0.08681958935182342,0.02261292328565775,3,-0.3984962406015038,0.15037593984962405,0.08681958935182342,0.02261292328565775,3,0.3984962406015038,1,0.5773502691896258,1,3
12,OSCURAS,6.65,1,0,0,0,3,3,0,0,0,3,-0.5488721804511278,0,0,0,3,0.5488721804511278,0,0,0,3
13,OSCURAS,6.65,1,1.5099668870541498,0.8717797887081347,2.28,3,2.4,0.22706268978257893,0.13109470506889245,0.05155746509129967,3,-0.6390977443609023,0.22706268978257893,0.13109470506889245,0.05155746509129967,3,0.6390977443609023,1.5099668870541498,0.8717797887081347,2.28,3
14,OSCURAS,6.65,1,0.5,0.2886751345948129,0.25,3,2,0.07518796992481203,0.04340979467591171,0.005653230821414438,3,-0.6992481203007519,0.07518796992481203,0.04340979467591171,0.005653230821414438,3,0.6992481203007519,0.5,0.2886751345948129,0.25,3
15,OSCURAS,6.65,1,0,0,0,3,3,0,0,0,3,-0.5488721804511278,0,0,0,3,0.5488721804511278,0,0,0,3
16,OSCURAS,6.65,1,0.7094598884597587,0.4096068575814836,0.5033333333333333,3,2.3666666666666667,0.10668569751274568,0.06159501617766671,0.011381838053781068,3,-0.6441102756892231,0.10668569751274568,0.06159501617766671,0.011381838053781068,3,0.6441102756892231,0.7094598884597589,0.40960685758148374,0.5033333333333336,3
17,OSCURAS,6.65,1,1,0.5773502691896258,1,3,2,0.15037593984962405,0.08681958935182342,0.02261292328565775,3,-0.6992481203007519,0.15037593984962405,0.08681958935182342,0.02261292328565775,3,0.6992481203007519,1,0.5773502691896258,1,3
19,OSCURAS,6.65,1,0.3214550253664319,0.18559214542766744,0.10333333333333336,3,1.3666666666666667,0.04833910155886193,0.027908593297393595,0.0023366687395179678,3,-0.7944862155388471,0.04833910155886193,0.027908593297393595,0.0023366687395179678,3,0.7944862155388471,0.3214550253664317,0.18559214542766733,0.10333333333333325,3
20,OSCURAS,6.65,1,0.28867513459481287,0.16666666666666666,0.08333333333333333,3,2.6666666666666665,0.04340979467591171,0.025062656641604012,0.0018844102738048126,3,-0.5989974937343359,0.04340979467591171,0.025062656641604012,0.0018844102738048126,3,0.5989974937343359,0.28867513459481287,0.16666666666666666,0.08333333333333333,3
1,OSCURAS,9,1,0.2081665999466132,0.12018504251546629,0.04333333333333331,3,2.2666666666666666,0.023129622216290387,0.013353893612829605,5.349794238683139e-4,3,-0.7481481481481481,0.023129622216290387,0.013353893612829605,5.349794238683139e-4,3,0.7481481481481481,0.2081665999466134,0.1201850425154664,0.04333333333333338,3
2,OSCURAS,9,1,0.28867513459481287,0.16666666666666666,0.08333333333333333,3,3.6666666666666665,0.03207501495497923,0.01851851851851853,0.0010288065843621409,3,-0.5925925925925927,0.03207501495497923,0.01851851851851853,0.0010288065843621409,3,0.5925925925925927,0.28867513459481287,0.16666666666666666,0.08333333333333333,3
3,OSCURAS,9,1,0,0,0,3,2.5,0,0,0,3,-0.7222222222222222,0,0,0,3,0.7222222222222222,0,0,0,3
4,OSCURAS,9,1,0.28867513459481287,0.16666666666666666,0.08333333333333333,3,5.833333333333333,0.03207501495497923,0.01851851851851853,0.0010288065843621409,3,-0.35185185185185186,0.03207501495497923,0.01851851851851853,0.0010288065843621409,3,0.35185185185185186,0.28867513459481287,0.16666666666666666,0.08333333333333333,3
5,OSCURAS,9,1,0.28867513459481287,0.16666666666666666,0.08333333333333333,3,2.8333333333333335,0.03207501495497923,0.01851851851851853,0.0010288065843621409,3,-0.6851851851851851,0.03207501495497923,0.01851851851851853,0.0010288065843621409,3,0.6851851851851851,0.28867513459481287,0.16666666666666666,0.08333333333333333,3
6,OSCURAS,9,1,0.11547005383792526,0.06666666666666674,0.013333333333333357,3,2.066666666666667,0.012830005981991702,0.007407407407407418,1.6460905349794286e-4,3,-0.7703703703703704,0.012830005981991702,0.007407407407407418,1.6460905349794286e-4,3,0.7703703703703704,0.11547005383792526,0.06666666666666674,0.013333333333333357,3
7,OSCURAS,9,1,0.27537852736430507,0.15898986690282427,0.07583333333333332,3,0.41666666666666663,0.0305976141515894,0.017665540766980445,9.36213991769544e-4,3,-0.9537037037037037,0.0305976141515894,0.017665540766980445,9.36213991769544e-4,3,0.9537037037037037,0.27537852736430457,0.158989866902824,0.07583333333333303,3
8,OSCURAS,9,1,0.25,0.14433756729740646,0.0625,3,1.75,0.02777777777777779,0.016037507477489613,7.716049382716057e-4,3,-0.8055555555555556,0.02777777777777779,0.016037507477489613,7.716049382716057e-4,3,0.8055555555555556,0.25,0.14433756729740646,0.0625,3
9,OSCURAS,9,1,1,0.5773502691896258,1,3,6,0.1111111111111111,0.06415002990995843,0.012345679012345678,3,-0.3333333333333333,0.1111111111111111,0.06415002990995843,0.012345679012345678,3,0.3333333333333333,1,0.5773502691896258,1,3
11,OSCURAS,9,1,1.1547005383792515,0.6666666666666666,1.3333333333333333,3,5.333333333333333,0.12830005981991685,0.07407407407407408,0.016460905349794244,3,-0.4074074074074074,0.12830005981991685,0.07407407407407408,0.016460905349794244,3,0.4074074074074074,1.1547005383792515,0.6666666666666666,1.3333333333333333,3
12,OSCURAS,9,1,0.5773502691896257,0.3333333333333333,0.3333333333333333,3,2.6666666666666665,0.06415002990995845,0.03703703703703706,0.0041152263374485635,3,-0.7037037037037037,0.06415002990995845,0.03703703703703706,0.0041152263374485635,3,0.7037037037037037,0.5773502691896257,0.3333333333333333,0.3333333333333333,3
13,OSCURAS,9,1,0.8544003745317532,0.4932882862316248,0.7300000000000001,3,3.1,0.09493337494797256,0.054809809581291634,0.009012345679012344,3,-0.6555555555555556,0.09493337494797256,0.054809809581291634,0.009012345679012344,3,0.6555555555555556,0.8544003745317532,0.4932882862316248,0.7300000000000001,3
14,OSCURAS,9,1,0.5,0.2886751345948129,0.25,3,2.5,0.05555555555555558,0.03207501495497923,0.0030864197530864226,3,-0.7222222222222222,0.05555555555555558,0.03207501495497923,0.0030864197530864226,3,0.7222222222222222,0.5,0.2886751345948129,0.25,3
15,OSCURAS,9,1,0.5773502691896257,0.3333333333333333,0.3333333333333333,3,3.3333333333333335,0.06415002990995838,0.03703703703703702,0.004115226337448555,3,-0.6296296296296297,0.06415002990995838,0.03703703703703702,0.004115226337448555,3,0.6296296296296297,0.5773502691896257,0.3333333333333333,0.3333333333333333,3
16,OSCURAS,9,1,0.5507570547286101,0.31797973380564853,0.3033333333333333,3,2.7333333333333334,0.06119522830317895,0.03533108153396097,0.003744855967078194,3,-0.6962962962962963,0.06119522830317895,0.03533108153396097,0.003744855967078194,3,0.6962962962962963,0.5507570547286104,0.31797973380564865,0.30333333333333345,3
17,OSCURAS,9,1,1,0.5773502691896258,1,3,4,0.1111111111111111,0.06415002990995843,0.012345679012345678,3,-0.5555555555555556,0.1111111111111111,0.06415002990995843,0.012345679012345678,3,0.5555555555555556,1,0.5773502691896258,1,3
19,OSCURAS,9,1,0.3403429642777023,0.1964971020425266,0.11583333333333332,3,1.6333333333333333,0.03781588491974473,0.021833011338058532,0.001430041152263377,3,-0.8185185185185185,0.03781588491974473,0.021833011338058532,0.001430041152263377,3,0.8185185185185185,0.34034296427770244,0.1964971020425267,0.11583333333333343,3
20,OSCURAS,9,1,0.5,0.2886751345948129,0.25,3,3,0.055555555555555525,0.03207501495497919,0.003086419753086416,3,-0.6666666666666666,0.055555555555555525,0.03207501495497919,0.003086419753086416,3,0.6666666666666666,0.5,0.2886751345948129,0.25,3
1,VR,2,2,0.11547005383792512,0.06666666666666665,0.013333333333333327,3,1.0666666666666667,0.05773502691896256,0.033333333333333326,0.003333333333333332,3,-0.4666666666666667,0.05773502691896256,0.033333333333333326,0.003333333333333332,3,0.4666666666666667,0.11547005383792512,0.06666666666666665,0.013333333333333327,3
2,VR,2,2,0,0,0,3,1.5,0,0,0,3,-0.25,0,0,0,3,0.25,0,0,0,3
3,VR,2,2,0.28867513459481287,0.16666666666666666,0.08333333333333333,3,0.6666666666666666,0.14433756729740643,0.08333333333333333,0.020833333333333332,3,-0.6666666666666666,0.14433756729740643,0.08333333333333333,0.020833333333333332,3,0.6666666666666666,0.28867513459481287,0.16666666666666666,0.08333333333333333,3
4,VR,2,2,0.28867513459481287,0.16666666666666666,0.08333333333333333,3,1.1666666666666667,0.14433756729740643,0.08333333333333333,0.020833333333333332,3,-0.4166666666666667,0.14433756729740643,0.08333333333333333,0.020833333333333332,3,0.4166666666666667,0.28867513459481287,0.16666666666666666,0.08333333333333333,3
5,VR,2,2,0,0,0,3,1,0,0,0,3,-0.5,0,0,0,3,0.5,0,0,0,3
6,VR,2,2,0.11547005383792516,0.06666666666666668,0.013333333333333334,3,0.36666666666666664,0.05773502691896256,0.033333333333333326,0.003333333333333332,3,-0.8166666666666667,0.05773502691896256,0.033333333333333326,0.003333333333333332,3,0.8166666666666667,0.11547005383792512,0.06666666666666665,0.013333333333333327,3
7,VR,2,2,0.05,0.02886751345948129,0.0025000000000000005,3,0.15,0.024999999999999967,0.014433756729740626,6.249999999999984e-4,3,-0.925,0.024999999999999967,0.014433756729740626,6.249999999999984e-4,3,0.925,0.04999999999999993,0.028867513459481253,0.0024999999999999935,3
8,VR,2,2,0.11547005383792516,0.06666666666666668,0.013333333333333334,3,0.36666666666666664,0.05773502691896256,0.033333333333333326,0.003333333333333332,3,-0.8166666666666667,0.05773502691896256,0.033333333333333326,0.003333333333333332,3,0.8166666666666667,0.11547005383792512,0.06666666666666665,0.013333333333333327,3
9,VR,2,2,0,0,0,3,1,0,0,0,3,-0.5,0,0,0,3,0.5,0,0,0,3
11,VR,2,2,0,0,0,3,1,0,0,0,3,-0.5,0,0,0,3,0.5,0,0,0,3
12,VR,2,2,0.5773502691896257,0.3333333333333333,0.3333333333333333,3,0.8333333333333334,0.28867513459481287,0.16666666666666666,0.08333333333333333,3,-0.5833333333333334,0.28867513459481287,0.16666666666666666,0.08333333333333333,3,0.5833333333333334,0.5773502691896257,0.3333333333333333,0.3333333333333333,3
13,VR,2,2,0.09999999999999999,0.057735026918962574,0.009999999999999998,3,0.2,0.04999999999999999,0.028867513459481284,0.0024999999999999988,3,-0.9,0.04999999999999999,0.028867513459481284,0.0024999999999999988,3,0.9,0.09999999999999998,0.05773502691896257,0.009999999999999995,3
14,VR,2,2,0.28867513459481287,0.16666666666666666,0.08333333333333333,3,1.3333333333333333,0.14433756729740643,0.08333333333333333,0.020833333333333332,3,-0.3333333333333333,0.14433756729740643,0.08333333333333333,0.020833333333333332,3,0.3333333333333333,0.28867513459481287,0.16666666666666666,0.08333333333333333,3
15,VR,2,2,0.5773502691896257,0.3333333333333333,0.3333333333333333,3,2.3333333333333335,0.28867513459481287,0.16666666666666666,0.08333333333333333,3,0.16666666666666666,0.28867513459481287,0.16666666666666666,0.08333333333333333,3,0.16666666666666666,0.5773502691896257,0.3333333333333333,0.3333333333333333,3
16,VR,2,2,0.05773502691896256,0.033333333333333326,0.003333333333333332,3,0.5333333333333333,0.028867513459481315,0.016666666666666684,8.333333333333348e-4,3,-0.7333333333333333,0.028867513459481315,0.016666666666666684,8.333333333333348e-4,3,0.7333333333333333,0.05773502691896263,0.03333333333333337,0.003333333333333339,3
17,VR,2,2,0,0,0,3,1,0,0,0,3,-0.5,0,0,0,3,0.5,0,0,0,3
19,VR,2,2,0.02886751345948128,0.016666666666666663,8.33333333333333e-4,3,0.26666666666666666,0.014433756729740658,0.008333333333333342,2.083333333333337e-4,3,-0.8666666666666667,0.014433756729740658,0.008333333333333342,2.083333333333337e-4,3,0.8666666666666667,0.028867513459481315,0.016666666666666684,8.333333333333348e-4,3
20,VR,2,2,0,0,0,3,0.5,0,0,0,3,-0.75,0,0,0,3,0.75,0,0,0,3
1,VR,2.7,2,0.1527525231651947,0.0881917103688197,0.023333333333333338,3,1.6666666666666667,0.05657500857970173,0.03266359643289618,0.003200731595793324,3,-0.3827160493827161,0.05657500857970173,0.03266359643289618,0.003200731595793324,3,0.3827160493827161,0.1527525231651947,0.0881917103688197,0.023333333333333338,3
2,VR,2.7,2,0.28867513459481287,0.16666666666666666,0.08333333333333333,3,1.8333333333333333,0.10691671651659736,0.06172839506172839,0.011431184270690443,3,-0.3209876543209877,0.10691671651659736,0.06172839506172839,0.011431184270690443,3,0.3209876543209877,0.28867513459481287,0.16666666666666666,0.08333333333333333,3
3,VR,2.7,2,0.5,0.2886751345948129,0.25,3,1.5,0.18518518518518517,0.10691671651659737,0.034293552812071325,3,-0.4444444444444445,0.18518518518518517,0.10691671651659737,0.034293552812071325,3,0.4444444444444445,0.5,0.2886751345948129,0.25,3
4,VR,2.7,2,0,0,0,3,2,0,0,0,3,-0.2592592592592593,0,0,0,3,0.2592592592592593,0,0,0,3
5,VR,2.7,2,0.28867513459481287,0.16666666666666666,0.08333333333333333,3,1.1666666666666667,0.10691671651659736,0.06172839506172839,0.011431184270690443,3,-0.5679012345679013,0.10691671651659736,0.06172839506172839,0.011431184270690443,3,0.5679012345679013,0.28867513459481287,0.16666666666666666,0.08333333333333333,3
6,VR,2.7,2,0,0,0,3,0.3,0,0,0,3,-0.888888888888889,0,0,0,3,0.888888888888889,0,0,0,3
7,VR,2.7,2,0.2783882181415011,0.16072751268321595,0.07750000000000001,3,0.55,0.10310674745981523,0.05952870840119109,0.010631001371742114,3,-0.7962962962962963,0.10310674745981523,0.05952870840119109,0.010631001371742114,3,0.7962962962962963,0.2783882181415011,0.16072751268321595,0.07750000000000001,3
8,VR,2.7,2,0.36855573979159967,0.21278575558006174,0.1358333333333333,3,0.8666666666666667,0.13650212584874055,0.07880953910372654,0.0186328303612254,3,-0.6790123456790124,0.13650212584874055,0.07880953910372654,0.0186328303612254,3,0.6790123456790124,0.36855573979159956,0.2127857555800617,0.13583333333333322,3
9,VR,2.7,2,0.5773502691896257,0.3333333333333333,0.3333333333333333,3,1.6666666666666667,0.21383343303319471,0.12345679012345678,0.04572473708276177,3,-0.3827160493827161,0.21383343303319471,0.12345679012345678,0.04572473708276177,3,0.3827160493827161,0.5773502691896257,0.3333333333333333,0.3333333333333333,3
11,VR,2.7,2,0.5773502691896257,0.3333333333333333,0.3333333333333333,3,1.3333333333333333,0.21383343303319471,0.12345679012345678,0.04572473708276177,3,-0.5061728395061729,0.21383343303319471,0.12345679012345678,0.04572473708276177,3,0.5061728395061729,0.5773502691896257,0.3333333333333333,0.3333333333333333,3
12,VR,2.7,2,0.5,0.2886751345948129,0.25,3,1,0.1851851851851852,0.10691671651659738,0.03429355281207134,3,-0.6296296296296297,0.1851851851851852,0.10691671651659738,0.03429355281207134,3,0.6296296296296297,0.5,0.2886751345948129,0.25,3
13,VR,2.7,2,0.17320508075688773,0.1,0.030000000000000002,3,0.30000000000000004,0.06415002990995838,0.03703703703703702,0.004115226337448555,3,-0.8888888888888888,0.06415002990995838,0.03703703703703702,0.004115226337448555,3,0.8888888888888888,0.17320508075688762,0.09999999999999994,0.029999999999999964,3
14,VR,2.7,2,0.5,0.2886751345948129,0.25,3,1,0.1851851851851852,0.10691671651659738,0.03429355281207134,3,-0.6296296296296297,0.1851851851851852,0.10691671651659738,0.03429355281207134,3,0.6296296296296297,0.5,0.2886751345948129,0.25,3
15,VR,2.7,2,0,0,0,3,3,0,0,0,3,0.11111111111111104,0,0,0,3,0.11111111111111104,0,0,0,3
16,VR,2.7,2,0.1527525231651947,0.0881917103688197,0.02333333333333334,3,0.7333333333333333,0.056575008579701686,0.03266359643289616,0.0032007315957933197,3,-0.7283950617283951,0.056575008579701686,0.03266359643289616,0.0032007315957933197,3,0.7283950617283951,0.15275252316519455,0.08819171036881962,0.0233333333333333,3
17,VR,2.7,2,0.5773502691896257,0.3333333333333333,0.3333333333333333,3,1.3333333333333333,0.21383343303319471,0.12345679012345678,0.04572473708276177,3,-0.5061728395061729,0.21383343303319471,0.12345679012345678,0.04572473708276177,3,0.5061728395061729,0.5773502691896257,0.3333333333333333,0.3333333333333333,3
19,VR,2.7,2,0,0,0,3,0.5,0,0,0,3,-0.8148148148148149,0,0,0,3,0.8148148148148149,0,0,0,3
20,VR,2.7,2,0,0,0,3,0.6,0,0,0,3,-0.7777777777777778,0,0,0,3,0.7777777777777778,0,0,0,3
1,VR,3.65,2,0.11547005383792512,0.06666666666666665,0.013333333333333327,3,1.0666666666666667,0.031635631188472645,0.018264840182648404,0.001000813160693063,3,-0.7077625570776256,0.031635631188472645,0.018264840182648404,0.001000813160693063,3,0.7077625570776256,0.115470053837925,0.06666666666666658,0.013333333333333298,3
2,VR,3.65,2,0,0,0,3,2,0,0,0,3,-0.4520547945205479,0,0,0,3,0.4520547945205479,0,0,0,3
3,VR,3.65,2,0.28867513459481287,0.16666666666666666,0.08333333333333333,3,1.8333333333333333,0.07908907797118164,0.04566210045662102,0.006255082254331649,3,-0.4977168949771689,0.07908907797118164,0.04566210045662102,0.006255082254331649,3,0.4977168949771689,0.28867513459481287,0.16666666666666666,0.08333333333333333,3
4,VR,3.65,2,1.5275252316519468,0.881917103688197,2.3333333333333335,3,2.6666666666666665,0.41850006346628676,0.24162112429813615,0.17514230312128606,3,-0.2694063926940639,0.34255706545225667,0.19777541395166864,0.11734534309126166,3,0.33333333333333337,1.2503332889007368,0.7218802609235906,1.5633333333333332,3
5,VR,3.65,2,0.28867513459481287,0.16666666666666666,0.08333333333333333,3,1.1666666666666667,0.0790890779711816,0.045662100456621,0.006255082254331644,3,-0.680365296803653,0.0790890779711816,0.045662100456621,0.006255082254331644,3,0.680365296803653,0.28867513459481287,0.16666666666666666,0.08333333333333333,3
6,VR,3.65,2,0.36055512754639896,0.2081665999466133,0.13,3,0.6,0.09878222672504079,0.05703194519085295,0.009757928316757364,3,-0.8356164383561644,0.09878222672504079,0.05703194519085295,0.009757928316757364,3,0.8356164383561644,0.360555127546399,0.20816659994661332,0.13000000000000006,3
7,VR,3.65,2,0.3752776749732568,0.21666666666666673,0.14083333333333337,3,0.3666666666666667,0.10281580136253618,0.05936073059360736,0.010571089009820497,3,-0.8995433789954338,0.10281580136253618,0.05936073059360736,0.010571089009820497,3,0.8995433789954338,0.3752776749732569,0.21666666666666679,0.14083333333333348,3
8,VR,3.65,2,0.12583057392117916,0.0726483157256779,0.01583333333333333,3,1.1333333333333333,0.034474129841418975,0.019903648144021357,0.0011884656283230144,3,-0.6894977168949772,0.034474129841418975,0.019903648144021357,0.0011884656283230144,3,0.6894977168949772,0.12583057392117916,0.0726483157256779,0.01583333333333333,3
9,VR,3.65,2,0.5773502691896257,0.3333333333333333,0.3333333333333333,3,3.3333333333333335,0.15817815594236323,0.09132420091324202,0.02502032901732658,3,-0.08675799086757989,0.04745344678270895,0.027397260273972594,0.0022518296115593903,3,0.1506849315068493,0.17320508075688762,0.09999999999999994,0.029999999999999964,3
11,VR,3.65,2,0.5773502691896257,0.3333333333333333,0.3333333333333333,3,1.3333333333333333,0.15817815594236326,0.09132420091324203,0.025020329017326585,3,-0.634703196347032,0.15817815594236326,0.09132420091324203,0.025020329017326585,3,0.634703196347032,0.5773502691896257,0.3333333333333333,0.3333333333333333,3
12,VR,3.65,2,0.28867513459481287,0.16666666666666666,0.08333333333333333,3,0.8333333333333334,0.0790890779711816,0.045662100456621,0.006255082254331644,3,-0.771689497716895,0.0790890779711816,0.045662100456621,0.006255082254331644,3,0.771689497716895,0.28867513459481287,0.16666666666666666,0.08333333333333333,3
13,VR,3.65,2,0.7637626158259734,0.4409585518440985,0.5833333333333334,3,1.3333333333333333,0.20925003173314338,0.12081056214906807,0.043785575780321516,3,-0.634703196347032,0.20925003173314338,0.12081056214906807,0.043785575780321516,3,0.634703196347032,0.7637626158259734,0.4409585518440985,0.5833333333333334,3
14,VR,3.65,2,0.28867513459481287,0.16666666666666666,0.08333333333333333,3,1.1666666666666667,0.0790890779711816,0.045662100456621,0.006255082254331644,3,-0.680365296803653,0.0790890779711816,0.045662100456621,0.006255082254331644,3,0.680365296803653,0.28867513459481287,0.16666666666666666,0.08333333333333333,3
15,VR,3.65,2,0.5773502691896257,0.3333333333333333,0.3333333333333333,3,2.8333333333333335,0.15817815594236323,0.09132420091324202,0.02502032901732658,3,-0.2237442922374429,0.15817815594236323,0.09132420091324202,0.02502032901732658,3,0.2237442922374429,0.5773502691896257,0.3333333333333333,0.3333333333333333,3
16,VR,3.65,2,0.11547005383792512,0.06666666666666665,0.013333333333333327,3,1.0666666666666667,0.031635631188472645,0.018264840182648404,0.001000813160693063,3,-0.7077625570776256,0.031635631188472645,0.018264840182648404,0.001000813160693063,3,0.7077625570776256,0.115470053837925,0.06666666666666658,0.013333333333333298,3
17,VR,3.65,2,1,0.5773502691896258,1,3,2,0.273972602739726,0.15817815594236323,0.07506098705197974,3,-0.4520547945205479,0.273972602739726,0.15817815594236323,0.07506098705197974,3,0.4520547945205479,1,0.5773502691896258,1,3
19,VR,3.65,2,0,0,0,3,1,0,0,0,3,-0.726027397260274,0,0,0,3,0.726027397260274,0,0,0,3
20,VR,3.65,2,0.404145188432738,0.23333333333333334,0.1633333333333333,3,1.0333333333333334,0.11072470915965418,0.06392694063926936,0.012259961218490007,3,-0.7168949771689497,0.11072470915965418,0.06392694063926936,0.012259961218490007,3,0.7168949771689497,0.4041451884327379,0.23333333333333325,0.16333333333333322,3
1,VR,4.9,2,0.23094010767585024,0.1333333333333333,0.05333333333333331,3,1.8666666666666667,0.047130634219561277,0.027210884353741492,0.0022212966819380804,3,-0.6190476190476191,0.047130634219561277,0.027210884353741492,0.0022212966819380804,3,0.6190476190476191,0.23094010767585024,0.1333333333333333,0.05333333333333331,3
2,VR,4.9,2,0.28867513459481287,0.16666666666666666,0.08333333333333333,3,2.3333333333333335,0.05891329277445158,0.03401360544217685,0.0034707760655282487,3,-0.5238095238095238,0.05891329277445158,0.03401360544217685,0.0034707760655282487,3,0.5238095238095238,0.28867513459481287,0.16666666666666666,0.08333333333333333,3
3,VR,4.9,2,0.28867513459481287,0.16666666666666666,0.08333333333333333,3,3.8333333333333335,0.05891329277445159,0.03401360544217686,0.0034707760655282504,3,-0.21768707482993202,0.05891329277445159,0.03401360544217686,0.0034707760655282504,3,0.21768707482993202,0.28867513459481287,0.16666666666666666,0.08333333333333333,3
4,VR,4.9,2,0.5773502691896257,0.3333333333333333,0.3333333333333333,3,2.3333333333333335,0.11782658554890318,0.06802721088435372,0.013883104262113002,3,-0.5238095238095238,0.11782658554890318,0.06802721088435372,0.013883104262113002,3,0.5238095238095238,0.5773502691896257,0.3333333333333333,0.3333333333333333,3
5,VR,4.9,2,0,0,0,3,1.5,0,0,0,3,-0.6938775510204082,0,0,0,3,0.6938775510204082,0,0,0,3
6,VR,4.9,2,0.28867513459481287,0.16666666666666666,0.08333333333333333,3,1.3333333333333333,0.058913292774451606,0.034013605442176874,0.003470776065528252,3,-0.7278911564625851,0.058913292774451606,0.034013605442176874,0.003470776065528252,3,0.7278911564625851,0.28867513459481287,0.16666666666666666,0.08333333333333333,3
7,VR,4.9,2,0.36170890690351176,0.2088327347690278,0.13083333333333336,3,0.38333333333333336,0.07381814426602276,0.04261892546306687,0.005449118422879349,3,-0.9217687074829932,0.07381814426602276,0.04261892546306687,0.005449118422879349,3,0.9217687074829932,0.3617089069035115,0.20883273476902764,0.13083333333333313,3
8,VR,4.9,2,0.1527525231651947,0.0881917103688197,0.023333333333333338,3,1.1333333333333333,0.03117398431942746,0.017998308238534617,9.71817298347909e-4,3,-0.7687074829931972,0.03117398431942746,0.017998308238534617,9.71817298347909e-4,3,0.7687074829931972,0.15275252316519455,0.08819171036881962,0.0233333333333333,3
9,VR,4.9,2,1,0.5773502691896258,1,3,3,0.20408163265306117,0.1178265855489032,0.04164931278633901,3,-0.38775510204081637,0.20408163265306117,0.1178265855489032,0.04164931278633901,3,0.38775510204081637,1,0.5773502691896258,1,3
11,VR,4.9,2,1.1547005383792515,0.6666666666666666,1.3333333333333333,3,2.6666666666666665,0.2356531710978064,0.13605442176870747,0.055532417048452014,3,-0.4557823129251701,0.2356531710978064,0.13605442176870747,0.055532417048452014,3,0.4557823129251701,1.1547005383792515,0.6666666666666666,1.3333333333333333,3
12,VR,4.9,2,0.28867513459481287,0.16666666666666666,0.08333333333333333,3,0.8333333333333334,0.058913292774451606,0.034013605442176874,0.003470776065528252,3,-0.8299319727891157,0.058913292774451606,0.034013605442176874,0.003470776065528252,3,0.8299319727891157,0.28867513459481287,0.16666666666666666,0.08333333333333333,3
13,VR,4.9,2,0.5131601439446885,0.296273147243853,0.26333333333333336,3,2.433333333333333,0.1047265599887119,0.060463907600786314,0.010967652367069272,3,-0.5034013605442177,0.1047265599887119,0.060463907600786314,0.010967652367069272,3,0.5034013605442177,0.5131601439446885,0.296273147243853,0.26333333333333336,3
14,VR,4.9,2,0.28867513459481287,0.16666666666666666,0.08333333333333333,3,1.8333333333333333,0.058913292774451606,0.034013605442176874,0.003470776065528252,3,-0.6258503401360545,0.058913292774451606,0.034013605442176874,0.003470776065528252,3,0.6258503401360545,0.28867513459481287,0.16666666666666666,0.08333333333333333,3
15,VR,4.9,2,0.28867513459481287,0.16666666666666666,0.08333333333333333,3,3.1666666666666665,0.058913292774451606,0.034013605442176874,0.003470776065528252,3,-0.3537414965986395,0.058913292774451606,0.034013605442176874,0.003470776065528252,3,0.3537414965986395,0.28867513459481287,0.16666666666666666,0.08333333333333333,3
16,VR,4.9,2,0.32145502536643183,0.18559214542766742,0.10333333333333333,3,1.1333333333333333,0.0656030664013126,0.03787594804646272,0.004303762321255029,3,-0.7687074829931972,0.0656030664013126,0.03787594804646272,0.004303762321255029,3,0.7687074829931972,0.3214550253664317,0.18559214542766733,0.10333333333333325,3
17,VR,4.9,2,1.1015141094572203,0.6359594676112971,1.2133333333333332,3,2.7333333333333334,0.22479879784841228,0.1297876464512851,0.05053449951409133,3,-0.4421768707482993,0.22479879784841228,0.1297876464512851,0.05053449951409133,3,0.4421768707482993,1.1015141094572203,0.6359594676112971,1.2133333333333332,3
19,VR,4.9,2,0,0,0,3,0.75,0,0,0,3,-0.8469387755102041,0,0,0,3,0.8469387755102041,0,0,0,3
20,VR,4.9,2,0,0,0,3,1,0,0,0,3,-0.7959183673469388,0,0,0,3,0.7959183673469388,0,0,0,3
1,VR,6.65,2,0.23094010767585024,0.1333333333333333,0.05333333333333331,3,2.3666666666666667,0.034727835740729365,0.020050125313283207,0.00120602257523508,3,-0.6441102756892231,0.034727835740729365,0.020050125313283207,0.00120602257523508,3,0.6441102756892231,0.23094010767585052,0.13333333333333347,0.05333333333333343,3
2,VR,6.65,2,0.28867513459481287,0.16666666666666666,0.08333333333333333,3,3.1666666666666665,0.04340979467591171,0.025062656641604012,0.0018844102738048126,3,-0.5238095238095238,0.04340979467591171,0.025062656641604012,0.0018844102738048126,3,0.5238095238095238,0.28867513459481287,0.16666666666666666,0.08333333333333333,3
3,VR,6.65,2,0.5773502691896257,0.3333333333333333,0.3333333333333333,3,3.6666666666666665,0.08681958935182342,0.050125313283208024,0.00753764109521925,3,-0.4486215538847118,0.08681958935182342,0.050125313283208024,0.00753764109521925,3,0.4486215538847118,0.5773502691896257,0.3333333333333333,0.3333333333333333,3
4,VR,6.65,2,1.2583057392117916,0.7264831572567789,1.5833333333333333,3,3.8333333333333335,0.18921890815214912,0.10924558755741037,0.03580379520229144,3,-0.4235588972431078,0.18921890815214912,0.10924558755741037,0.03580379520229144,3,0.4235588972431078,1.2583057392117916,0.7264831572567789,1.5833333333333333,3
5,VR,6.65,2,0,0,0,3,2,0,0,0,3,-0.6992481203007519,0,0,0,3,0.6992481203007519,0,0,0,3
6,VR,6.65,2,0.28867513459481287,0.16666666666666666,0.08333333333333333,3,1.8333333333333333,0.04340979467591171,0.025062656641604012,0.0018844102738048126,3,-0.7243107769423559,0.04340979467591171,0.025062656641604012,0.0018844102738048126,3,0.7243107769423559,0.28867513459481287,0.16666666666666666,0.08333333333333333,3
7,VR,6.65,2,0.17559422921421233,0.10137937550497035,0.030833333333333338,3,0.38333333333333336,0.02640514725025746,0.015245018872927852,6.972318013077792e-4,3,-0.9423558897243108,0.02640514725025746,0.015245018872927852,6.972318013077792e-4,3,0.9423558897243108,0.17559422921421217,0.10137937550497025,0.03083333333333328,3
8,VR,6.65,2,0.40414518843273806,0.23333333333333336,0.16333333333333336,3,1.5666666666666667,0.06077371254627639,0.03508771929824561,0.0036934441366574325,3,-0.7644110275689223,0.06077371254627639,0.03508771929824561,0.0036934441366574325,3,0.7644110275689223,0.40414518843273795,0.23333333333333328,0.16333333333333327,3
9,VR,6.65,2,0.5773502691896257,0.3333333333333333,0.3333333333333333,3,5.333333333333333,0.08681958935182342,0.050125313283208024,0.00753764109521925,3,-0.19799498746867172,0.08681958935182342,0.050125313283208024,0.00753764109521925,3,0.19799498746867172,0.5773502691896257,0.3333333333333333,0.3333333333333333,3
11,VR,6.65,2,0.5773502691896257,0.3333333333333333,0.3333333333333333,3,4.666666666666667,0.08681958935182342,0.050125313283208024,0.00753764109521925,3,-0.29824561403508776,0.08681958935182342,0.050125313283208024,0.00753764109521925,3,0.29824561403508776,0.5773502691896257,0.3333333333333333,0.3333333333333333,3
12,VR,6.65,2,0,0,0,3,2,0,0,0,3,-0.6992481203007519,0,0,0,3,0.6992481203007519,0,0,0,3
13,VR,6.65,2,0.5773502691896257,0.3333333333333333,0.3333333333333333,3,3.3333333333333335,0.08681958935182342,0.050125313283208024,0.00753764109521925,3,-0.4987468671679198,0.08681958935182342,0.050125313283208024,0.00753764109521925,3,0.4987468671679198,0.5773502691896257,0.3333333333333333,0.3333333333333333,3
14,VR,6.65,2,0.5773502691896257,0.3333333333333333,0.3333333333333333,3,2.8333333333333335,0.08681958935182342,0.050125313283208024,0.00753764109521925,3,-0.5739348370927319,0.08681958935182342,0.050125313283208024,0.00753764109521925,3,0.5739348370927319,0.5773502691896257,0.3333333333333333,0.3333333333333333,3
15,VR,6.65,2,0.28867513459481287,0.16666666666666666,0.08333333333333333,3,3.8333333333333335,0.04340979467591171,0.025062656641604012,0.0018844102738048126,3,-0.4235588972431078,0.04340979467591171,0.025062656641604012,0.0018844102738048126,3,0.4235588972431078,0.28867513459481287,0.16666666666666666,0.08333333333333333,3
16,VR,6.65,2,0.09999999999999998,0.05773502691896257,0.009999999999999995,3,1.1,0.015037593984962405,0.008681958935182343,2.2612923285657752e-4,3,-0.8345864661654135,0.015037593984962405,0.008681958935182343,2.2612923285657752e-4,3,0.8345864661654135,0.10000000000000009,0.05773502691896263,0.010000000000000018,3
17,VR,6.65,2,0.5773502691896257,0.3333333333333333,0.3333333333333333,3,2.6666666666666665,0.08681958935182342,0.050125313283208024,0.00753764109521925,3,-0.5989974937343359,0.08681958935182342,0.050125313283208024,0.00753764109521925,3,0.5989974937343359,0.5773502691896257,0.3333333333333333,0.3333333333333333,3
19,VR,6.65,2,0.5131601439446883,0.29627314724385295,0.2633333333333333,3,1.0666666666666667,0.07716693893905088,0.044552352969000446,0.005954736465223208,3,-0.8395989974937343,0.07716693893905088,0.044552352969000446,0.005954736465223208,3,0.8395989974937343,0.5131601439446885,0.296273147243853,0.26333333333333336,3
20,VR,6.65,2,0.5,0.2886751345948129,0.25,3,2,0.07518796992481203,0.04340979467591171,0.005653230821414438,3,-0.6992481203007519,0.07518796992481203,0.04340979467591171,0.005653230821414438,3,0.6992481203007519,0.5,0.2886751345948129,0.25,3
1,VR,9,2,0.43588989435406733,0.2516611478423583,0.18999999999999997,3,2.5,0.04843221048378528,0.02796234976026205,0.0023456790123456807,3,-0.7222222222222222,0.04843221048378528,0.02796234976026205,0.0023456790123456807,3,0.7222222222222222,0.43588989435406733,0.2516611478423583,0.18999999999999997,3
2,VR,9,2,0.5,0.2886751345948129,0.25,3,3,0.055555555555555525,0.03207501495497919,0.003086419753086416,3,-0.6666666666666666,0.055555555555555525,0.03207501495497919,0.003086419753086416,3,0.6666666666666666,0.5,0.2886751345948129,0.25,3
3,VR,9,2,0,0,0,3,4,0,0,0,3,-0.5555555555555556,0,0,0,3,0.5555555555555556,0,0,0,3
4,VR,9,2,0.5773502691896257,0.3333333333333333,0.3333333333333333,3,4.333333333333333,0.06415002990995845,0.03703703703703706,0.0041152263374485635,3,-0.5185185185185185,0.06415002990995845,0.03703703703703706,0.0041152263374485635,3,0.5185185185185185,0.5773502691896257,0.3333333333333333,0.3333333333333333,3
5,VR,9,2,0.28867513459481287,0.16666666666666666,0.08333333333333333,3,2.1666666666666665,0.03207501495497923,0.01851851851851853,0.0010288065843621409,3,-0.7592592592592593,0.03207501495497923,0.01851851851851853,0.0010288065843621409,3,0.7592592592592593,0.28867513459481287,0.16666666666666666,0.08333333333333333,3
6,VR,9,2,0.5,0.2886751345948129,0.25,3,2,0.05555555555555558,0.03207501495497923,0.0030864197530864226,3,-0.7777777777777778,0.05555555555555558,0.03207501495497923,0.0030864197530864226,3,0.7777777777777778,0.5,0.2886751345948129,0.25,3
7,VR,9,2,0.02886751345948125,0.016666666666666646,8.333333333333311e-4,3,0.8166666666666667,0.0032075014954978456,0.0018518518518518086,1.0288065843620915e-5,3,-0.9092592592592592,0.0032075014954978456,0.0018518518518518086,1.0288065843620915e-5,3,0.9092592592592592,0.028867513459480673,0.016666666666666313,8.333333333332978e-4,3
8,VR,9,2,0.3055050463303894,0.1763834207376394,0.09333333333333335,3,2.1666666666666665,0.03394500514782104,0.01959815785973771,0.0011522633744855968,3,-0.7592592592592593,0.03394500514782104,0.01959815785973771,0.0011522633744855968,3,0.7592592592592593,0.3055050463303892,0.17638342073763932,0.09333333333333327,3
9,VR,9,2,0,0,0,3,6,0,0,0,3,-0.3333333333333333,0,0,0,3,0.3333333333333333,0,0,0,3
11,VR,9,2,1,0.5773502691896258,1,3,4,0.1111111111111111,0.06415002990995843,0.012345679012345678,3,-0.5555555555555556,0.1111111111111111,0.06415002990995843,0.012345679012345678,3,0.5555555555555556,1,0.5773502691896258,1,3
12,VR,9,2,0.28867513459481287,0.16666666666666666,0.08333333333333333,3,2.3333333333333335,0.03207501495497923,0.01851851851851853,0.0010288065843621409,3,-0.7407407407407407,0.03207501495497923,0.01851851851851853,0.0010288065843621409,3,0.7407407407407407,0.28867513459481287,0.16666666666666666,0.08333333333333333,3
13,VR,9,2,0.40414518843273795,0.23333333333333328,0.16333333333333327,3,3.933333333333333,0.0449050209369709,0.025925925925925932,0.002016460905349795,3,-0.562962962962963,0.0449050209369709,0.025925925925925932,0.002016460905349795,3,0.562962962962963,0.40414518843273795,0.23333333333333328,0.16333333333333327,3
14,VR,9,2,0,0,0,3,3,0,0,0,3,-0.6666666666666666,0,0,0,3,0.6666666666666666,0,0,0,3
15,VR,9,2,0.5773502691896257,0.3333333333333333,0.3333333333333333,3,3.6666666666666665,0.06415002990995838,0.03703703703703702,0.004115226337448555,3,-0.5925925925925926,0.06415002990995838,0.03703703703703702,0.004115226337448555,3,0.5925925925925926,0.5773502691896257,0.3333333333333333,0.3333333333333333,3
16,VR,9,2,0.19999999999999996,0.11547005383792514,0.03999999999999998,3,1.3,0.0222222222222222,0.01283000598199167,4.938271604938261e-4,3,-0.8555555555555556,0.0222222222222222,0.01283000598199167,4.938271604938261e-4,3,0.8555555555555556,0.20000000000000018,0.11547005383792526,0.04000000000000007,3
17,VR,9,2,1.2583057392117916,0.7264831572567789,1.5833333333333333,3,3.8333333333333335,0.13981174880131017,0.08072035080630877,0.01954732510288066,3,-0.5740740740740741,0.13981174880131017,0.08072035080630877,0.01954732510288066,3,0.5740740740740741,1.2583057392117916,0.7264831572567789,1.5833333333333333,3
19,VR,9,2,0.3278719262151,0.1892969448600091,0.10749999999999997,3,1.45,0.03643021402389998,0.021032993873334335,0.001327160493827159,3,-0.8388888888888889,0.03643021402389998,0.021032993873334335,0.001327160493827159,3,0.8388888888888889,0.3278719262151002,0.18929694486000923,0.10750000000000012,3
20,VR,9,2,0.28867513459481287,0.16666666666666666,0.08333333333333333,3,3.1666666666666665,0.03207501495497916,0.01851851851851849,0.0010288065843621368,3,-0.6481481481481481,0.03207501495497916,0.01851851851851849,0.0010288065843621368,3,0.6481481481481481,0.28867513459481287,0.16666666666666666,0.08333333333333333,3
