subject,room_condition,target_distance,block,perc_dist_sd,perc_dist_sem,perc_dist_var,perc_dist_n,perc_dist,rel_bias_signed_sd,rel_bias_signed_sem,rel_bias_signed_var,rel_bias_signed_n,rel_bias_signed,rel_bias_unsigned_sd,rel_bias_unsigned_sem,rel_bias_unsigned_var,rel_bias_unsigned_n,rel_bias_unsigned,abs_bias_sd,abs_bias_sem,abs_bias_var,abs_bias_n,log_bias_sd,log_bias_sem,log_bias_var,log_bias_n,log_bias_m,log_bias_unsigned_sd,log_bias_unsigned_sem,log_bias_unsigned_var,log_bias_unsigned_n,log_bias_unsigned_m
2,No visual information,2,1,0.7637626158259734,0.4409585518440985,0.5833333333333334,3,1.1666666666666667,0.3818813079129867,0.22047927592204924,0.14583333333333334,3,-0.4166666666666667,0.3818813079129867,0.22047927592204924,0.14583333333333334,3,0.4166666666666667,0.7637626158259734,0.4409585518440985,0.5833333333333334,3,0.3010299956639812,0.17379974903075143,0.09061905828945654,3,-0.3010299956639812,0.3010299956639812,0.17379974903075143,0.09061905828945654,3,0.3010299956639812
3,No visual information,2,1,0.28867513459481287,0.16666666666666666,0.08333333333333333,3,1.1666666666666667,0.14433756729740643,0.08333333333333333,0.020833333333333332,3,-0.4166666666666667,0.14433756729740643,0.08333333333333333,0.020833333333333332,3,0.4166666666666667,0.28867513459481287,0.16666666666666666,0.08333333333333333,3,0.1016663358177377,0.05869708635189375,0.010336043838605015,3,-0.24233290931208745,0.1016663358177377,0.05869708635189375,0.010336043838605015,3,0.24233290931208745
4,No visual information,2,1,0,0,0,3,1,0,0,0,3,-0.5,0,0,0,3,0.5,0,0,0,3,0,0,0,3,-0.3010299956639812,0,0,0,3,0.3010299956639812
5,No visual information,2,1,0,0,0,3,1,0,0,0,3,-0.5,0,0,0,3,0.5,0,0,0,3,0,0,0,3,-0.3010299956639812,0,0,0,3,0.3010299956639812
6,No visual information,2,1,0,0,0,3,0.5,0,0,0,3,-0.75,0,0,0,3,0.75,0,0,0,3,0,0,0,3,-0.6020599913279624,0,0,0,3,0.6020599913279624
7,No visual information,2,1,0,0,0,3,0.5,0,0,0,3,-0.75,0,0,0,3,0.75,0,0,0,3,0,0,0,3,-0.6020599913279624,0,0,0,3,0.6020599913279624
8,No visual information,2,1,1.7320508075688772,1,3,3,3,0.8660254037844386,0.5,0.75,3,0.5,0.28867513459481287,0.16666666666666666,0.08333333333333333,3,0.8333333333333334,0.5773502691896257,0.3333333333333333,0.3333333333333333,3,0.34759949806150287,0.20068666377598748,0.12082541105260872,3,0.10034333188799373,0,0,0,3,0.3010299956639812
9,No visual information,2,1,0.28867513459481287,0.16666666666666666,0.08333333333333333,3,1.3333333333333333,0.14433756729740643,0.08333333333333333,0.020833333333333332,3,-0.3333333333333333,0.14433756729740643,0.08333333333333333,0.020833333333333332,3,0.3333333333333333,0.28867513459481287,0.16666666666666666,0.08333333333333333,3,0.1016663358177377,0.05869708635189375,0.010336043838605015,3,-0.1836358229601937,0.1016663358177377,0.05869708635189375,0.010336043838605015,3,0.1836358229601937
10,No visual information,2,1,1.1547005383792515,0.6666666666666666,1.3333333333333333,3,4.666666666666667,0.5773502691896257,0.3333333333333333,0.3333333333333333,3,1.3333333333333333,0.5773502691896257,0.3333333333333333,0.3333333333333333,3,1.3333333333333333,1.1547005383792515,0.6666666666666666,1.3333333333333333,3,0.1016663358177377,0.05869708635189375,0.010336043838605013,3,0.35972708201587494,0.1016663358177377,0.05869708635189375,0.010336043838605013,3,0.35972708201587494
11,No visual information,2,1,0.16072751268321592,0.09279607271383371,0.025833333333333333,3,0.31666666666666665,0.08036375634160797,0.04639803635691686,0.006458333333333335,3,-0.8416666666666667,0.08036375634160797,0.04639803635691686,0.006458333333333335,3,0.8416666666666667,0.16072751268321595,0.09279607271383372,0.02583333333333334,3,0.20751179059376343,0.11980698815933058,0.04306114323542992,3,-0.8350499927733019,0.20751179059376343,0.11980698815933058,0.04306114323542992,3,0.8350499927733019
12,No visual information,2,1,0.2,0.11547005383792516,0.04000000000000001,3,0.8,0.09999999999999998,0.05773502691896257,0.009999999999999995,3,-0.6,0.09999999999999998,0.05773502691896257,0.009999999999999995,3,0.6,0.19999999999999996,0.11547005383792514,0.03999999999999998,3,0.11121908276973023,0.06421236737612702,0.012369684372140106,3,-0.40728291653878546,0.11121908276973023,0.06421236737612702,0.012369684372140106,3,0.40728291653878546
13,No visual information,2,1,0.17320508075688776,0.10000000000000002,0.03000000000000001,3,0.9,0.08660254037844388,0.05000000000000001,0.007500000000000002,3,-0.55,0.08660254037844388,0.05000000000000001,0.007500000000000002,3,0.55,0.17320508075688776,0.10000000000000002,0.03000000000000001,3,0.08943268829576946,0.0516339866619144,0.007998205735808261,3,-0.3526639823258956,0.08943268829576946,0.0516339866619144,0.007998205735808261,3,0.3526639823258956
14,No visual information,2,1,0.5773502691896257,0.3333333333333333,0.3333333333333333,3,1.6666666666666667,0.28867513459481287,0.16666666666666666,0.08333333333333333,3,-0.16666666666666666,0.28867513459481287,0.16666666666666666,0.08333333333333333,3,0.16666666666666666,0.5773502691896257,0.3333333333333333,0.3333333333333333,3,0.17379974903075143,0.10034333188799374,0.03020635276315218,3,-0.10034333188799373,0.17379974903075143,0.10034333188799374,0.03020635276315218,3,0.10034333188799373
15,No visual information,2,1,0.5773502691896257,0.3333333333333333,0.3333333333333333,3,1.3333333333333333,0.28867513459481287,0.16666666666666666,0.08333333333333333,3,-0.3333333333333333,0.28867513459481287,0.16666666666666666,0.08333333333333333,3,0.3333333333333333,0.5773502691896257,0.3333333333333333,0.3333333333333333,3,0.17379974903075143,0.10034333188799374,0.03020635276315218,3,-0.20068666377598746,0.17379974903075143,0.10034333188799374,0.03020635276315218,3,0.20068666377598746
16,No visual information,2,1,0.36055512754639896,0.2081665999466133,0.13,3,0.6,0.18027756377319945,0.10408329997330663,0.032499999999999994,3,-0.7,0.18027756377319945,0.10408329997330663,0.032499999999999994,3,0.7,0.3605551275463989,0.20816659994661327,0.12999999999999998,3,0.26243669340170955,0.1515178955807123,0.0688730180436229,3,-0.5756662426454208,0.26243669340170955,0.1515178955807123,0.0688730180436229,3,0.5756662426454208
17,No visual information,2,1,0,0,0,3,1,0,0,0,3,-0.5,0,0,0,3,0.5,0,0,0,3,0,0,0,3,-0.3010299956639812,0,0,0,3,0.3010299956639812
19,No visual information,2,1,0.15275252316519466,0.08819171036881969,0.02333333333333333,3,0.3333333333333333,0.07637626158259735,0.04409585518440985,0.0058333333333333345,3,-0.8333333333333334,0.07637626158259735,0.04409585518440985,0.0058333333333333345,3,0.8333333333333334,0.1527525231651947,0.0881917103688197,0.023333333333333338,3,0.19940797782605438,0.11512824967643143,0.0397635416206762,3,-0.8086562440907604,0.19940797782605438,0.11512824967643143,0.0397635416206762,3,0.8086562440907604
20,No visual information,2,1,0.5507570547286103,0.3179797338056486,0.30333333333333334,3,0.9666666666666667,0.2753785273643051,0.1589898669028243,0.07583333333333335,3,-0.5166666666666667,0.2753785273643051,0.1589898669028243,0.07583333333333335,3,0.5166666666666667,0.5507570547286103,0.3179797338056486,0.3033333333333334,3,0.29407376578754535,0.16978356783904627,0.08647937972446806,3,-0.3749795788694333,0.29407376578754535,0.16978356783904627,0.08647937972446806,3,0.3749795788694333
2,No visual information,2.7,1,0.5773502691896257,0.3333333333333333,0.3333333333333333,3,3.3333333333333335,0.21383343303319471,0.12345679012345678,0.04572473708276177,3,0.23456790123456783,0.21383343303319471,0.12345679012345678,0.04572473708276177,3,0.23456790123456783,0.5773502691896257,0.3333333333333333,0.3333333333333333,3,0.07213341321301375,0.0416462455361,0.005203229301759388,3,0.08740373609677506,0.07213341321301375,0.0416462455361,0.005203229301759388,3,0.08740373609677506
3,No visual information,2.7,1,0.28867513459481287,0.16666666666666666,0.08333333333333333,3,1.6666666666666667,0.10691671651659736,0.06172839506172839,0.011431184270690443,3,-0.3827160493827161,0.10691671651659736,0.06172839506172839,0.011431184270690443,3,0.3827160493827161,0.28867513459481287,0.16666666666666666,0.08333333333333333,3,0.07213341321301375,0.0416462455361,0.005203229301759387,3,-0.21362625956720613,0.07213341321301375,0.0416462455361,0.005203229301759387,3,0.21362625956720613
4,No visual information,2.7,1,0.5,0.2886751345948129,0.25,3,1.5,0.18518518518518517,0.10691671651659737,0.034293552812071325,3,-0.4444444444444445,0.18518518518518517,0.10691671651659737,0.034293552812071325,3,0.4444444444444445,0.5,0.2886751345948129,0.25,3,0.1512376042912552,0.0873170715491503,0.022872812951758293,3,-0.2723233459190999,0.1512376042912552,0.0873170715491503,0.022872812951758293,3,0.2723233459190999
5,No visual information,2.7,1,0,0,0,3,2,0,0,0,3,-0.2592592592592593,0,0,0,3,0.2592592592592593,0,0,0,3,0,0,0,3,-0.13033376849500614,0,0,0,3,0.13033376849500614
6,No visual information,2.7,1,0.28867513459481287,0.16666666666666666,0.08333333333333333,3,0.8333333333333334,0.1069167165165974,0.06172839506172842,0.01143118427069045,3,-0.6913580246913581,0.1069167165165974,0.06172839506172842,0.01143118427069045,3,0.6913580246913581,0.28867513459481287,0.16666666666666666,0.08333333333333333,3,0.17379974903075138,0.10034333188799371,0.03020635276315217,3,-0.5317070960469811,0.17379974903075138,0.10034333188799371,0.03020635276315217,3,0.5317070960469811
7,No visual information,2.7,1,0,0,0,3,1,0,0,0,3,-0.6296296296296297,0,0,0,3,0.6296296296296297,0,0,0,3,0,0,0,3,-0.43136376415898736,0,0,0,3,0.43136376415898736
8,No visual information,2.7,1,1,0.5773502691896258,1,3,2,0.37037037037037035,0.21383343303319474,0.1371742112482853,3,-0.2592592592592593,0.2670778722565918,0.15419748144193576,0.07133058984910838,3,0.3333333333333333,0.721110255092798,0.41633319989322665,0.5200000000000002,3,0.2412715902292603,0.13929821756667254,0.0582119802517561,3,-0.17198001403110613,0.20267560423702463,0.11701481466441624,0.04107740055284304,3,0.20248500773822287
9,No visual information,2.7,1,0.1527525231651947,0.0881917103688197,0.023333333333333338,3,1.8333333333333333,0.05657500857970173,0.03266359643289618,0.003200731595793324,3,-0.3209876543209877,0.05657500857970173,0.03266359643289618,0.003200731595793324,3,0.3209876543209877,0.1527525231651947,0.0881917103688197,0.023333333333333338,3,0.03580420435900531,0.02067156702479209,0.001281941049781415,3,-0.16911329011046694,0.03580420435900531,0.02067156702479209,0.001281941049781415,3,0.16911329011046694
10,No visual information,2.7,1,1.5275252316519468,0.881917103688197,2.3333333333333335,3,6.333333333333333,0.5657500857970172,0.3266359643289618,0.32007315957933236,3,1.3456790123456788,0.5657500857970172,0.3266359643289618,0.32007315957933236,3,1.3456790123456788,1.5275252316519468,0.881917103688197,2.3333333333333335,3,0.10291122788629341,0.059415825122786425,0.010590720825064615,3,0.36203998307821467,0.10291122788629341,0.059415825122786425,0.010590720825064615,3,0.36203998307821467
11,No visual information,2.7,1,0.5773502691896257,0.3333333333333333,0.3333333333333333,3,0.8333333333333334,0.21383343303319474,0.12345679012345681,0.045724737082761785,3,-0.6913580246913581,0.21383343303319474,0.12345679012345681,0.045724737082761785,3,0.6913580246913581,0.5773502691896257,0.3333333333333333,0.3333333333333333,3,0.2754660848484891,0.1590404182398875,0.07588156390175499,3,-0.573353341583081,0.2754660848484891,0.1590404182398875,0.07588156390175499,3,0.573353341583081
12,No visual information,2.7,1,0.5131601439446883,0.29627314724385295,0.2633333333333333,3,1.3666666666666667,0.19005931257210681,0.1097307952755011,0.036122542295381796,3,-0.4938271604938272,0.19005931257210681,0.1097307952755011,0.036122542295381796,3,0.4938271604938272,0.5131601439446883,0.29627314724385295,0.2633333333333333,3,0.18476646987360987,0.10667497111874555,0.03413864838955558,3,-0.31987918044201036,0.18476646987360987,0.10667497111874555,0.03413864838955558,3,0.31987918044201036
13,No visual information,2.7,1,0.20816659994661332,0.12018504251546634,0.043333333333333356,3,1.4333333333333333,0.07709874072096788,0.04451297870943197,0.00594421582075903,3,-0.46913580246913583,0.07709874072096788,0.04451297870943197,0.00594421582075903,3,0.46913580246913583,0.20816659994661332,0.12018504251546634,0.043333333333333356,3,0.0655576691078914,0.03784973790688552,0.004297807978859779,3,-0.2782329349059104,0.0655576691078914,0.03784973790688552,0.004297807978859779,3,0.2782329349059104
14,No visual information,2.7,1,1.5275252316519468,0.881917103688197,2.3333333333333335,3,3.3333333333333335,0.5657500857970172,0.3266359643289618,0.3200731595793324,3,0.23456790123456783,0.3919631571947541,0.2263000343188069,0.15363511659807952,3,0.4074074074074074,1.058300524425836,0.6110100926607787,1.1199999999999999,3,0.19940797782605438,0.11512824967643143,0.03976354162067619,3,0.061009987414233455,0.1119626023703588,0.06464163861769769,0.012535624329543074,3,0.14789916641090423
15,No visual information,2.7,1,0.7637626158259734,0.4409585518440985,0.5833333333333334,3,2.1666666666666665,0.2828750428985086,0.1633179821644809,0.08001828989483309,3,-0.1975308641975309,0.1670092501045517,0.09642283550502047,0.0278920896204847,3,0.2716049382716049,0.4509249752822896,0.26034165586355523,0.20333333333333348,3,0.15123760429125518,0.08731707154915029,0.022872812951758286,3,-0.1132829276792124,0.10540349141379068,0.06085473414127846,0.011109896002217047,3,0.14378792138632912
16,No visual information,2.7,1,0.28867513459481287,0.16666666666666666,0.08333333333333333,3,0.6666666666666666,0.1069167165165974,0.06172839506172842,0.01143118427069045,3,-0.7530864197530864,0.1069167165165974,0.06172839506172842,0.01143118427069045,3,0.7530864197530864,0.28867513459481287,0.16666666666666666,0.08333333333333333,3,0.17379974903075138,0.10034333188799371,0.03020635276315217,3,-0.6320504279349748,0.17379974903075138,0.10034333188799371,0.03020635276315217,3,0.6320504279349748
17,No visual information,2.7,1,0.5773502691896257,0.3333333333333333,0.3333333333333333,3,1.6666666666666667,0.21383343303319471,0.12345679012345678,0.04572473708276177,3,-0.3827160493827161,0.21383343303319471,0.12345679012345678,0.04572473708276177,3,0.3827160493827161,0.5773502691896257,0.3333333333333333,0.3333333333333333,3,0.17379974903075143,0.10034333188799374,0.030206352763152186,3,-0.23067710038299988,0.17379974903075143,0.10034333188799374,0.030206352763152186,3,0.23067710038299988
19,No visual information,2.7,1,0.28867513459481287,0.16666666666666666,0.08333333333333333,3,0.6666666666666666,0.1069167165165974,0.06172839506172842,0.01143118427069045,3,-0.7530864197530864,0.1069167165165974,0.06172839506172842,0.01143118427069045,3,0.7530864197530864,0.28867513459481287,0.16666666666666666,0.08333333333333333,3,0.17379974903075138,0.10034333188799371,0.03020635276315217,3,-0.6320504279349748,0.17379974903075138,0.10034333188799371,0.03020635276315217,3,0.6320504279349748
20,No visual information,2.7,1,0.5773502691896257,0.3333333333333333,0.3333333333333333,3,1.3333333333333333,0.21383343303319471,0.12345679012345678,0.04572473708276177,3,-0.5061728395061729,0.21383343303319471,0.12345679012345678,0.04572473708276177,3,0.5061728395061729,0.5773502691896257,0.3333333333333333,0.3333333333333333,3,0.17379974903075143,0.10034333188799374,0.030206352763152186,3,-0.33102043227099365,0.17379974903075143,0.10034333188799374,0.030206352763152186,3,0.33102043227099365
2,No visual information,3.65,1,2.0816659994661326,1.2018504251546631,4.333333333333333,3,7.666666666666667,0.5703194519085294,0.3292740890834693,0.3252642772252454,3,1.100456621004566,0.5703194519085294,0.3292740890834693,0.3252642772252454,3,1.100456621004566,2.0816659994661326,1.2018504251546631,4.333333333333332,3,0.11379320245926458,0.065698536071806,0.01294889292593518,3,0.3121235656761588,0.11379320245926458,0.065698536071806,0.01294889292593518,3,0.3121235656761588
3,No visual information,3.65,1,0.5773502691896257,0.3333333333333333,0.3333333333333333,3,1.8333333333333333,0.15817815594236326,0.09132420091324203,0.025020329017326585,3,-0.497716894977169,0.15817815594236326,0.09132420091324203,0.025020329017326585,3,0.497716894977169,0.5773502691896257,0.3333333333333333,0.3333333333333333,3,0.1280844353103852,0.0739495832054521,0.016405622568780247,3,-0.3122520221953413,0.1280844353103852,0.0739495832054521,0.016405622568780247,3,0.3122520221953413
4,No visual information,3.65,1,0,0,0,3,2,0,0,0,3,-0.4520547945205479,0,0,0,3,0.4520547945205479,0,0,0,3,0,0,0,3,-0.26126286879249355,0,0,0,3,0.26126286879249355
5,No visual information,3.65,1,0.5,0.2886751345948129,0.25,3,2.5,0.136986301369863,0.07908907797118161,0.01876524676299493,3,-0.3150684931506849,0.136986301369863,0.07908907797118161,0.01876524676299493,3,0.3150684931506849,0.5,0.2886751345948129,0.25,3,0.08819424760407303,0.05091897259518807,0.007778225310448542,3,-0.17026244477124763,0.08819424760407303,0.05091897259518807,0.007778225310448542,3,0.17026244477124763
6,No visual information,3.65,1,0,0,0,3,1,0,0,0,3,-0.726027397260274,0,0,0,3,0.726027397260274,0,0,0,3,0,0,0,3,-0.5622928644564748,0,0,0,3,0.5622928644564748
7,No visual information,3.65,1,0,0,0,3,1,0,0,0,3,-0.726027397260274,0,0,0,3,0.726027397260274,0,0,0,3,0,0,0,3,-0.5622928644564748,0,0,0,3,0.5622928644564748
8,No visual information,3.65,1,2.0816659994661326,1.2018504251546631,4.333333333333333,3,4.333333333333333,0.5703194519085295,0.32927408908346933,0.32526427722524553,3,0.18721461187214614,0.14059182025881875,0.0811707252722885,0.019766059923687997,3,0.4885844748858448,0.5131601439446885,0.296273147243853,0.26333333333333336,3,0.25569207129306304,0.14762388619070294,0.06537843532213683,3,0.030424219004739832,0.06305135557450106,0.036402717113709,0.003975473439782167,3,0.2045994648664022
9,No visual information,3.65,1,0.3214550253664319,0.18559214542766744,0.10333333333333336,3,2.1333333333333333,0.088069869963406,0.0508471631308678,0.007756301995371242,3,-0.4155251141552511,0.088069869963406,0.0508471631308678,0.007756301995371242,3,0.4155251141552511,0.3214550253664319,0.18559214542766744,0.10333333333333336,3,0.0633682204362699,0.03658565912694797,0.004015531361259693,3,-0.2363849960268588,0.0633682204362699,0.03658565912694797,0.004015531361259693,3,0.2363849960268588
10,No visual information,3.65,1,1.5275252316519468,0.881917103688197,2.3333333333333335,3,7.666666666666667,0.4185000634662867,0.24162112429813612,0.17514230312128598,3,1.100456621004566,0.4185000634662867,0.24162112429813612,0.17514230312128598,3,1.100456621004566,1.5275252316519465,0.8819171036881969,2.3333333333333326,3,0.09058550286315412,0.05229956446271965,0.008205733328970502,3,0.31620171781516265,0.09058550286315412,0.05229956446271965,0.008205733328970502,3,0.31620171781516265
11,No visual information,3.65,1,0.4509249752822894,0.2603416558635552,0.20333333333333334,3,0.5333333333333333,0.12354108911843545,0.07132648105850825,0.015262400700569211,3,-0.8538812785388128,0.12354108911843545,0.07132648105850825,0.015262400700569211,3,0.8538812785388128,0.45092497528228936,0.2603416558635551,0.20333333333333328,3,0.5130266603291604,0.2961960804424955,0.26319635420849175,3,-0.9959695296778017,0.5130266603291604,0.2961960804424955,0.26319635420849175,3,0.9959695296778017
12,No visual information,3.65,1,0.3055050463303893,0.17638342073763935,0.0933333333333333,3,1.5666666666666667,0.0837000126932573,0.0483242248596272,0.007005692124851433,3,-0.5707762557077626,0.0837000126932573,0.0483242248596272,0.007005692124851433,3,0.5707762557077626,0.30550504633038916,0.1763834207376393,0.09333333333333323,3,0.08323094057683082,0.04805340594693902,0.006927389469303944,3,-0.3726967936846924,0.08323094057683082,0.04805340594693902,0.006927389469303944,3,0.3726967936846924
13,No visual information,3.65,1,0.09999999999999998,0.05773502691896257,0.009999999999999995,3,1.4,0.027397260273972546,0.01581781559423629,7.506098705197942e-4,3,-0.6164383561643836,0.027397260273972546,0.01581781559423629,7.506098705197942e-4,3,0.6164383561643836,0.09999999999999987,0.057735026918962505,0.009999999999999974,3,0.031080569793540864,0.01794437533686777,9.660018186911647e-4,3,-0.41690531544288933,0.031080569793540864,0.01794437533686777,9.660018186911647e-4,3,0.41690531544288933
14,No visual information,3.65,1,0.5773502691896257,0.3333333333333333,0.3333333333333333,3,4.333333333333333,0.15817815594236323,0.09132420091324202,0.02502032901732658,3,0.18721461187214614,0.15817815594236323,0.09132420091324202,0.02502032901732658,3,0.18721461187214614,0.5773502691896257,0.3333333333333333,0.3333333333333333,3,0.05595102209737151,0.032303337669352145,0.003130516873740555,3,0.0720704645408398,0.05595102209737151,0.032303337669352145,0.003130516873740555,3,0.0720704645408398
15,No visual information,3.65,1,0.5773502691896257,0.3333333333333333,0.3333333333333333,3,2.3333333333333335,0.1581781559423632,0.091324200913242,0.025020329017326575,3,-0.3607305936073059,0.1581781559423632,0.091324200913242,0.025020329017326575,3,0.3607305936073059,0.5773502691896257,0.3333333333333333,0.3333333333333333,3,0.10166633581773774,0.058697086351893774,0.010336043838605024,3,-0.20256578244059978,0.10166633581773774,0.058697086351893774,0.010336043838605024,3,0.20256578244059978
16,No visual information,3.65,1,2.886751345948129,1.666666666666667,8.333333333333334,3,3.6666666666666665,0.7908907797118161,0.4566210045662101,0.6255082254331644,3,0.004566210045662118,0.2689028651020175,0.15525114155251143,0.07230875086007382,3,0.6073059360730594,0.9814954576223639,0.5666666666666668,0.9633333333333335,3,0.31411783186310493,0.18135601478342525,0.09867001229437787,3,-0.07990685400906831,0.012437456609904881,0.007180768921762874,1.5469032692326664e-4,3,0.26844363771425644
17,No visual information,3.65,1,1.5275252316519468,0.881917103688197,2.3333333333333335,3,3.3333333333333335,0.41850006346628676,0.24162112429813615,0.17514230312128606,3,-0.08675799086757989,0.14059182025881875,0.0811707252722885,0.019766059923687997,3,0.3333333333333333,0.5131601439446885,0.296273147243853,0.26333333333333336,3,0.1994079778260544,0.11512824967643144,0.039763541620676204,3,-0.0699191128832539,0.09053779597482098,0.05227202087789831,0.00819709249997831,3,0.16103720613628328
18,No visual information,3.65,1,0.28867513459481287,0.16666666666666666,0.08333333333333333,3,0.6666666666666666,0.0790890779711816,0.045662100456621,0.006255082254331644,3,-0.817351598173516,0.0790890779711816,0.045662100456621,0.006255082254331644,3,0.817351598173516,0.28867513459481287,0.16666666666666666,0.08333333333333333,3,0.17379974903075138,0.10034333188799371,0.03020635276315217,3,-0.7629795282324622,0.17379974903075138,0.10034333188799371,0.03020635276315217,3,0.7629795282324622
19,No visual information,3.65,1,0.5773502691896257,0.3333333333333333,0.3333333333333333,3,1.3333333333333333,0.15817815594236326,0.09132420091324203,0.025020329017326585,3,-0.634703196347032,0.15817815594236326,0.09132420091324203,0.025020329017326585,3,0.634703196347032,0.5773502691896257,0.3333333333333333,0.3333333333333333,3,0.17379974903075143,0.10034333188799374,0.03020635276315218,3,-0.46194953256848104,0.17379974903075143,0.10034333188799374,0.03020635276315218,3,0.46194953256848104
20,No visual information,3.65,1,0.7216878364870323,0.41666666666666674,0.5208333333333334,3,1.9166666666666667,0.19772269492795405,0.11415525114155253,0.03909426408957278,3,-0.4748858447488585,0.19772269492795405,0.11415525114155253,0.03909426408957278,3,0.4748858447488585,0.7216878364870323,0.41666666666666674,0.5208333333333334,3,0.15198251322896786,0.08774714492486045,0.02309868432739339,3,-0.29845446047593294,0.15198251322896786,0.08774714492486045,0.02309868432739339,3,0.29845446047593294
2,No visual information,4.9,1,2.0816659994661326,1.2018504251546631,4.333333333333333,3,6.333333333333333,0.4248297958094148,0.2452755969703394,0.1804803554074691,3,0.292517006802721,0.22479879784841225,0.1297876464512851,0.05053449951409132,3,0.4149659863945578,1.10151410945722,0.635959467611297,1.2133333333333325,3,0.159713085100001,0.0922103926755912,0.02550826955216017,3,0.09321992608287388,0.0624303087456286,0.03604415555988012,0.003897543450074511,3,0.1519773185499081
3,No visual information,4.9,1,0.40414518843273806,0.23333333333333336,0.16333333333333336,3,1.5666666666666667,0.08247860988423224,0.047619047619047616,0.006802721088435371,3,-0.6802721088435374,0.08247860988423224,0.047619047619047616,0.006802721088435371,3,0.6802721088435374,0.40414518843273795,0.23333333333333328,0.16333333333333327,3,0.11121908276973018,0.064212367376127,0.012369684372140094,3,-0.5047619131060846,0.11121908276973018,0.064212367376127,0.012369684372140094,3,0.5047619131060846
4,No visual information,4.9,1,1.0408329997330663,0.6009252125773316,1.0833333333333333,3,2.8333333333333335,0.21241489790470738,0.12263779848516969,0.04512008885186727,3,-0.4217687074829932,0.21241489790470738,0.12263779848516969,0.04512008885186727,3,0.4217687074829932,1.0408329997330663,0.6009252125773316,1.0833333333333333,3,0.15366390610145095,0.08871789755240209,0.023612596038355537,3,-0.25651941480718665,0.15366390610145095,0.08871789755240209,0.023612596038355537,3,0.25651941480718665
5,No visual information,4.9,1,0.5773502691896257,0.3333333333333333,0.3333333333333333,3,3.3333333333333335,0.1178265855489032,0.06802721088435373,0.013883104262113005,3,-0.3197278911564626,0.1178265855489032,0.06802721088435373,0.013883104262113005,3,0.3197278911564626,0.5773502691896257,0.3333333333333333,0.3333333333333333,3,0.07213341321301374,0.04164624553609999,0.005203229301759385,3,-0.1714285797727513,0.07213341321301374,0.04164624553609999,0.005203229301759385,3,0.1714285797727513
6,No visual information,4.9,1,0.5773502691896257,0.3333333333333333,0.3333333333333333,3,1.6666666666666667,0.11782658554890321,0.06802721088435375,0.013883104262113009,3,-0.6598639455782312,0.11782658554890321,0.06802721088435375,0.013883104262113009,3,0.6598639455782312,0.5773502691896257,0.3333333333333333,0.3333333333333333,3,0.17379974903075143,0.10034333188799374,0.03020635276315218,3,-0.48950941625252625,0.17379974903075143,0.10034333188799374,0.03020635276315218,3,0.48950941625252625
7,No visual information,4.9,1,0,0,0,3,2,0,0,0,3,-0.5918367346938775,0,0,0,3,0.5918367346938775,0,0,0,3,0,0,0,3,-0.38916608436453254,0,0,0,3,0.38916608436453254
8,No visual information,4.9,1,2,1.1547005383792517,4,3,5,0.40816326530612246,0.23565317109780645,0.1665972511453561,3,0.02040816326530606,0.22479879784841236,0.12978764645128515,0.05053449951409136,3,0.2789115646258503,1.1015141094572207,0.6359594676112973,1.2133333333333338,3,0.18528230039288032,0.10697278600790257,0.03432953083887754,3,-0.016466313671867683,0.10525868390228167,0.060771129485528055,0.011079390536840452,3,0.12558356986736652
9,No visual information,4.9,1,0.28867513459481287,0.16666666666666666,0.08333333333333333,3,2.3333333333333335,0.05891329277445158,0.03401360544217685,0.0034707760655282487,3,-0.5238095238095238,0.05891329277445158,0.03401360544217685,0.0034707760655282487,3,0.5238095238095238,0.28867513459481287,0.16666666666666666,0.08333333333333333,3,0.055951022097371565,0.03230333766935217,0.003130516873740561,3,-0.3245594090258282,0.055951022097371565,0.03230333766935217,0.003130516873740561,3,0.3245594090258282
10,No visual information,4.9,1,0.5773502691896257,0.3333333333333333,0.3333333333333333,3,7.333333333333333,0.11782658554890321,0.06802721088435375,0.013883104262113009,3,0.49659863945578225,0.11782658554890321,0.06802721088435375,0.013883104262113009,3,0.49659863945578225,0.5773502691896257,0.3333333333333333,0.3333333333333333,3,0.033481666198397965,0.01933064899256226,0.001121021971420945,3,0.17423260897830536,0.033481666198397965,0.01933064899256226,0.001121021971420945,3,0.17423260897830536
12,No visual information,4.9,1,0.17320508075688776,0.10000000000000002,0.03000000000000001,3,0.9,0.03534797566467094,0.02040816326530611,0.001249479383590169,3,-0.8163265306122449,0.03534797566467094,0.02040816326530611,0.001249479383590169,3,0.8163265306122449,0.17320508075688762,0.09999999999999994,0.029999999999999964,3,0.0894326882957694,0.05163398666191436,0.007998205735808249,3,-0.7418300666904281,0.0894326882957694,0.05163398666191436,0.007998205735808249,3,0.7418300666904281
13,No visual information,4.9,1,0.20816659994661332,0.12018504251546634,0.043333333333333356,3,1.4333333333333333,0.042482979580941466,0.02452755969703393,0.0018048035540746898,3,-0.7074829931972789,0.042482979580941466,0.02452755969703393,0.0018048035540746898,3,0.7074829931972789,0.2081665999466132,0.12018504251546629,0.04333333333333331,3,0.06555766910789138,0.0378497379068855,0.004297807978859776,3,-0.5370652507754368,0.06555766910789138,0.0378497379068855,0.004297807978859776,3,0.5370652507754368
14,No visual information,4.9,1,1,0.5773502691896258,1,3,5,0.20408163265306123,0.11782658554890323,0.04164931278633902,3,0.020408163265306048,0.1079898494312078,0.062347968638854986,0.011661807580174932,3,0.14285714285714282,0.5291502622129183,0.30550504633038944,0.28000000000000014,3,0.08819424760407298,0.050918972595188045,0.007778225310448533,3,0.002864335320694574,0.04576762974390503,0.026423953352814694,0.002094675932375181,3,0.06162172778772879
15,No visual information,4.9,1,0.5773502691896257,0.3333333333333333,0.3333333333333333,3,2.3333333333333335,0.11782658554890318,0.06802721088435372,0.013883104262113002,3,-0.5238095238095238,0.11782658554890318,0.06802721088435372,0.013883104262113002,3,0.5238095238095238,0.5773502691896257,0.3333333333333333,0.3333333333333333,3,0.1016663358177377,0.05869708635189375,0.010336043838605013,3,-0.3304689980126388,0.1016663358177377,0.05869708635189375,0.010336043838605013,3,0.3304689980126388
16,No visual information,4.9,1,1.1547005383792515,0.6666666666666666,1.3333333333333333,3,1.6666666666666667,0.2356531710978064,0.13605442176870747,0.05553241704845202,3,-0.6598639455782314,0.2356531710978064,0.13605442176870747,0.05553241704845202,3,0.6598639455782314,1.1547005383792515,0.6666666666666666,1.3333333333333333,3,0.2754660848484891,0.1590404182398875,0.075881563901755,3,-0.5311556617886263,0.2754660848484891,0.1590404182398875,0.075881563901755,3,0.5311556617886263
17,No visual information,4.9,1,1.1547005383792515,0.6666666666666666,1.3333333333333333,3,4.333333333333333,0.23565317109780642,0.1360544217687075,0.05553241704845203,3,-0.11564625850340142,0.21208785398802585,0.12244897959183677,0.044981257809246174,3,0.14285714285714282,1.039230484541327,0.6000000000000003,1.080000000000001,3,0.12808443531038527,0.07394958320545214,0.01640562256878027,3,-0.06517565889794699,0.11795318018881029,0.06810030033378206,0.013912952716653947,3,0.07687422464128721
18,No visual information,4.9,1,0.11547005383792512,0.06666666666666665,0.013333333333333327,3,0.6333333333333333,0.02356531710978067,0.013605442176870763,5.553241704845216e-4,3,-0.8707482993197279,0.02356531710978067,0.013605442176870763,5.553241704845216e-4,3,0.8707482993197279,0.11547005383792526,0.06666666666666674,0.013333333333333357,3,0.08436706073498199,0.04870934522607936,0.007117800937060139,3,-0.8938073852403362,0.08436706073498199,0.04870934522607936,0.007117800937060139,3,0.8938073852403362
19,No visual information,4.9,1,0.5773502691896257,0.3333333333333333,0.3333333333333333,3,1.3333333333333333,0.11782658554890321,0.06802721088435375,0.013883104262113009,3,-0.7278911564625851,0.11782658554890321,0.06802721088435375,0.013883104262113009,3,0.7278911564625851,0.5773502691896257,0.3333333333333333,0.3333333333333333,3,0.17379974903075143,0.10034333188799374,0.03020635276315218,3,-0.58985274814052,0.17379974903075143,0.10034333188799374,0.03020635276315218,3,0.58985274814052
20,No visual information,4.9,1,0.5,0.2886751345948129,0.25,3,2.5,0.10204081632653059,0.0589132927744516,0.01041232819658475,3,-0.489795918367347,0.10204081632653059,0.0589132927744516,0.01041232819658475,3,0.489795918367347,0.5,0.2886751345948129,0.25,3,0.08819424760407299,0.05091897259518805,0.007778225310448535,3,-0.2981656603432866,0.08819424760407299,0.05091897259518805,0.007778225310448535,3,0.2981656603432866
2,No visual information,6.65,1,2,1.1547005383792517,4,3,10,0.3007518796992481,0.17363917870364684,0.090451693142631,3,0.5037593984962405,0.3007518796992481,0.17363917870364684,0.090451693142631,3,0.5037593984962405,2,1.1547005383792517,4,3,0.08819424760407298,0.050918972595188045,0.007778225310448533,3,0.17126876571008484,0.08819424760407298,0.050918972595188045,0.007778225310448533,3,0.17126876571008484
3,No visual information,6.65,1,0.28867513459481287,0.16666666666666666,0.08333333333333333,3,2.3333333333333335,0.04340979467591171,0.025062656641604012,0.0018844102738048126,3,-0.6491228070175439,0.04340979467591171,0.025062656641604012,0.0018844102738048126,3,0.6491228070175439,0.28867513459481287,0.16666666666666666,0.08333333333333333,3,0.05595102209737147,0.03230333766935212,0.0031305168737405503,3,-0.45718497430041916,0.05595102209737147,0.03230333766935212,0.0031305168737405503,3,0.45718497430041916
4,No visual information,6.65,1,1.0408329997330663,0.6009252125773316,1.0833333333333333,3,3.6666666666666665,0.15651624056136335,0.09036469362065136,0.024497333559462563,3,-0.4486215538847118,0.15651624056136335,0.09036469362065136,0.024497333559462563,3,0.4486215538847118,1.0408329997330663,0.6009252125773316,1.0833333333333333,3,0.13505899928913928,0.07797634959606604,0.018240933288983723,3,-0.27175080737799007,0.13505899928913928,0.07797634959606604,0.018240933288983723,3,0.27175080737799007
5,No visual information,6.65,1,0.7637626158259734,0.4409585518440985,0.5833333333333334,3,3.8333333333333335,0.11485152117683808,0.06630955666828547,0.013190871916633687,3,-0.4235588972431078,0.11485152117683808,0.06630955666828547,0.013190871916633687,3,0.4235588972431078,0.7637626158259734,0.4409585518440985,0.5833333333333334,3,0.09058550286315414,0.05229956446271966,0.008205733328970509,3,-0.24535705869544847,0.09058550286315414,0.05229956446271966,0.008205733328970509,3,0.24535705869544847
6,No visual information,6.65,1,0.28867513459481287,0.16666666666666666,0.08333333333333333,3,1.8333333333333333,0.04340979467591171,0.025062656641604012,0.0018844102738048126,3,-0.7243107769423559,0.04340979467591171,0.025062656641604012,0.0018844102738048126,3,0.7243107769423559,0.28867513459481287,0.16666666666666666,0.08333333333333333,3,0.07213341321301377,0.04164624553610001,0.0052032293017593885,3,-0.5634378951752234,0.07213341321301377,0.04164624553610001,0.0052032293017593885,3,0.5634378951752234
7,No visual information,6.65,1,0.5773502691896257,0.3333333333333333,0.3333333333333333,3,1.6666666666666667,0.08681958935182342,0.050125313283208024,0.00753764109521925,3,-0.7493734335839599,0.08681958935182342,0.050125313283208024,0.00753764109521925,3,0.7493734335839599,0.5773502691896257,0.3333333333333333,0.3333333333333333,3,0.17379974903075146,0.10034333188799376,0.03020635276315219,3,-0.6221349815271171,0.17379974903075146,0.10034333188799376,0.03020635276315219,3,0.6221349815271171
8,No visual information,6.65,1,3.0550504633038935,1.763834207376394,9.333333333333334,3,7.333333333333333,0.45940608470735234,0.2652382266731419,0.211053950666139,3,0.10275689223057638,0.15261491075326647,0.08811225980574912,0.023291310984227487,3,0.3684210526315789,1.0148891565092222,0.5859465277082317,1.0300000000000002,3,0.20751179059376343,0.11980698815933058,0.04306114323542993,3,0.012228347470197376,0.0719136350010386,0.04151935652625413,0.005171570899062604,3,0.15940278345362552
9,No visual information,6.65,1,0.5,0.2886751345948129,0.25,3,3,0.07518796992481203,0.04340979467591171,0.005653230821414438,3,-0.5488721804511278,0.07518796992481203,0.04340979467591171,0.005653230821414438,3,0.5488721804511278,0.5,0.2886751345948129,0.25,3,0.07314932806558616,0.04223278424970642,0.005350824196446751,3,-0.3497785427224461,0.07314932806558616,0.04223278424970642,0.005350824196446751,3,0.3497785427224461
10,No visual information,6.65,1,0.5773502691896257,0.3333333333333333,0.3333333333333333,3,9.333333333333334,0.08681958935182342,0.050125313283208024,0.00753764109521925,3,0.4035087719298245,0.08681958935182342,0.050125313283208024,0.00753764109521925,3,0.4035087719298245,0.5773502691896257,0.3333333333333333,0.3333333333333333,3,0.026418099492647545,0.015252496853558376,6.979159808034245e-4,3,0.14667336098977862,0.026418099492647545,0.015252496853558376,6.979159808034245e-4,3,0.14667336098977862
11,No visual information,6.65,1,1.0408329997330663,0.6009252125773316,1.0833333333333333,3,1.8333333333333333,0.15651624056136335,0.09036469362065136,0.024497333559462563,3,-0.7243107769423559,0.15651624056136335,0.09036469362065136,0.024497333559462563,3,0.7243107769423559,1.0408329997330663,0.6009252125773316,1.0833333333333333,3,0.2412715902292603,0.13929821756667254,0.0582119802517561,3,-0.6050841407113234,0.2412715902292603,0.13929821756667254,0.0582119802517561,3,0.6050841407113234
12,No visual information,6.65,1,1.0408329997330663,0.6009252125773316,1.0833333333333333,3,1.8333333333333333,0.15651624056136335,0.09036469362065136,0.024497333559462563,3,-0.7243107769423559,0.15651624056136335,0.09036469362065136,0.024497333559462563,3,0.7243107769423559,1.0408329997330663,0.6009252125773316,1.0833333333333333,3,0.2412715902292603,0.13929821756667254,0.0582119802517561,3,-0.6050841407113234,0.2412715902292603,0.13929821756667254,0.0582119802517561,3,0.6050841407113234
13,No visual information,6.65,1,0.20816659994661332,0.12018504251546634,0.043333333333333356,3,1.5666666666666667,0.03130324811227267,0.01807293872413027,9.798933423785026e-4,3,-0.7644110275689223,0.03130324811227267,0.01807293872413027,9.798933423785026e-4,3,0.7644110275689223,0.20816659994661302,0.12018504251546618,0.04333333333333323,3,0.056391458701504145,0.03255762386130909,0.0031799966144834477,3,-0.6303243786906961,0.056391458701504145,0.03255762386130909,0.0031799966144834477,3,0.6303243786906961
14,No visual information,6.65,1,1.5275252316519468,0.881917103688197,2.3333333333333335,3,5.666666666666667,0.22970304235367617,0.13261911333657095,0.05276348766653475,3,-0.1478696741854637,0.18802004344371986,0.1085534226952768,0.0353515367365783,3,0.1829573934837093,1.250333288900737,0.7218802609235907,1.563333333333334,3,0.12553717727357516,0.0724789230922044,0.01575958287781704,3,-0.081051884727817,0.10870910794887281,0.06276323273764581,0.011817670151039683,3,0.0959028145352518
15,No visual information,6.65,1,0.40414518843273795,0.23333333333333328,0.16333333333333327,3,4.566666666666666,0.060773712546276365,0.0350877192982456,0.0036934441366574295,3,-0.31328320802005016,0.060773712546276365,0.0350877192982456,0.0036934441366574295,3,0.31328320802005016,0.40414518843273795,0.23333333333333328,0.16333333333333327,3,0.038133907083843344,0.022016621520109133,0.0014541948694791976,3,-0.16434437580001698,0.038133907083843344,0.022016621520109133,0.0014541948694791976,3,0.16434437580001698
16,No visual information,6.65,1,8.082903768654761,4.666666666666667,65.33333333333333,3,10.333333333333334,1.2154742509255279,0.7017543859649122,1.477377654662973,3,0.5538847117794485,0.23441289124992318,0.13533834586466162,0.05494940358414831,3,1.1203007518796992,1.5588457268119893,0.8999999999999999,2.429999999999999,3,0.6790166050073635,0.3920304196852271,0.4610635498757259,3,-0.038760805932650445,0.271095991814233,0.15651734385017602,0.07349303677774267,3,0.5097869576027526
17,No visual information,6.65,1,1.1547005383792515,0.6666666666666666,1.3333333333333333,3,4.333333333333333,0.17363917870364684,0.10025062656641605,0.030150564380877,3,-0.3483709273182958,0.17363917870364684,0.10025062656641605,0.030150564380877,3,0.3483709273182958,1.1547005383792515,0.6666666666666666,1.3333333333333333,3,0.12808443531038524,0.07394958320545213,0.016405622568780264,3,-0.19780122417253795,0.12808443531038524,0.07394958320545213,0.016405622568780264,3,0.19780122417253795
18,No visual information,6.65,1,0.28867513459481287,0.16666666666666666,0.08333333333333333,3,0.6666666666666666,0.04340979467591171,0.025062656641604012,0.0018844102738048126,3,-0.899749373433584,0.04340979467591171,0.025062656641604012,0.0018844102738048126,3,0.899749373433584,0.28867513459481287,0.16666666666666666,0.08333333333333333,3,0.17379974903075138,0.10034333188799371,0.03020635276315217,3,-1.0235083090790922,0.17379974903075138,0.10034333188799371,0.03020635276315217,3,1.0235083090790922
19,No visual information,6.65,1,0.28867513459481287,0.16666666666666666,0.08333333333333333,3,2.1666666666666665,0.04340979467591171,0.025062656641604012,0.0018844102738048126,3,-0.6741854636591479,0.04340979467591171,0.025062656641604012,0.0018844102738048126,3,0.6741854636591479,0.28867513459481287,0.16666666666666666,0.08333333333333333,3,0.05595102209737147,0.03230333766935212,0.0031305168737405503,3,-0.4894883119697713,0.05595102209737147,0.03230333766935212,0.0031305168737405503,3,0.4894883119697713
20,No visual information,6.65,1,0.7637626158259734,0.4409585518440985,0.5833333333333334,3,3.3333333333333335,0.11485152117683808,0.06630955666828547,0.013190871916633687,3,-0.4987468671679198,0.11485152117683808,0.06630955666828547,0.013190871916633687,3,0.4987468671679198,0.7637626158259734,0.4409585518440985,0.5833333333333334,3,0.10518351902341791,0.06072773302248246,0.011063572674149716,3,-0.30813229718634605,0.10518351902341791,0.06072773302248246,0.011063572674149716,3,0.30813229718634605
2,No visual information,9,1,1,0.5773502691896258,1,3,10,0.1111111111111111,0.06415002990995843,0.012345679012345678,3,0.1111111111111111,0.1111111111111111,0.06415002990995843,0.012345679012345678,3,0.1111111111111111,1,0.5773502691896258,1,3,0.04359330119573687,0.02516860418022312,0.0019003759091422337,3,0.044302555426525114,0.04359330119573687,0.02516860418022312,0.0019003759091422337,3,0.044302555426525114
3,No visual information,9,1,0.28867513459481287,0.16666666666666666,0.08333333333333333,3,2.3333333333333335,0.03207501495497923,0.01851851851851853,0.0010288065843621409,3,-0.7407407407407407,0.03207501495497923,0.01851851851851853,0.0010288065843621409,3,0.7407407407407407,0.28867513459481287,0.16666666666666666,0.08333333333333333,3,0.05595102209737153,0.03230333766935215,0.0031305168737405576,3,-0.5886058384366394,0.05595102209737153,0.03230333766935215,0.0031305168737405576,3,0.5886058384366394
4,No visual information,9,1,0.7637626158259734,0.4409585518440985,0.5833333333333334,3,3.1666666666666665,0.08486251286955257,0.04899539464934426,0.007201646090534975,3,-0.6481481481481481,0.08486251286955257,0.04899539464934426,0.007201646090534975,3,0.6481481481481481,0.7637626158259734,0.4409585518440985,0.5833333333333334,3,0.1029112278862934,0.05941582512278642,0.01059072082506461,3,-0.4618687578661041,0.1029112278862934,0.05941582512278642,0.01059072082506461,3,0.4618687578661041
5,No visual information,9,1,0.28867513459481287,0.16666666666666666,0.08333333333333333,3,4.166666666666667,0.03207501495497923,0.01851851851851853,0.0010288065843621409,3,-0.5370370370370371,0.03207501495497923,0.01851851851851853,0.0010288065843621409,3,0.5370370370370371,0.28867513459481287,0.16666666666666666,0.08333333333333333,3,0.029532922604723986,0.017050840815793777,8.72193517576617e-4,3,-0.33513167729556875,0.029532922604723986,0.017050840815793777,8.72193517576617e-4,3,0.33513167729556875
6,No visual information,9,1,0.5773502691896257,0.3333333333333333,0.3333333333333333,3,3.1666666666666665,0.06415002990995838,0.03703703703703702,0.004115226337448555,3,-0.6481481481481481,0.06415002990995838,0.03703703703703702,0.004115226337448555,3,0.6481481481481481,0.5773502691896257,0.3333333333333333,0.3333333333333333,3,0.08436706073498196,0.048709345226079344,0.007117800937060134,3,-0.4588838103151286,0.08436706073498196,0.048709345226079344,0.007117800937060134,3,0.4588838103151286
7,No visual information,9,1,0,0,0,3,2,0,0,0,3,-0.7777777777777778,0,0,0,3,0.7777777777777778,0,0,0,3,0,0,0,3,-0.6532125137753437,0,0,0,3,0.6532125137753437
8,No visual information,9,1,1.5275252316519468,0.881917103688197,2.3333333333333335,3,7.666666666666667,0.16972502573910517,0.09799078929868854,0.028806584362139915,3,-0.14814814814814814,0.16972502573910517,0.09799078929868854,0.028806584362139915,3,0.14814814814814814,1.5275252316519468,0.881917103688197,2.3333333333333335,3,0.09058550286315414,0.05229956446271966,0.008205733328970509,3,-0.07574792716768752,0.09058550286315414,0.05229956446271966,0.008205733328970509,3,0.07574792716768752
9,No visual information,9,1,0.6429100507328638,0.3711842908553349,0.41333333333333344,3,2.7333333333333334,0.07143445008142933,0.04124269898392611,0.005102880658436219,3,-0.6962962962962963,0.07143445008142933,0.04124269898392611,0.005102880658436219,3,0.6962962962962963,0.6429100507328638,0.3711842908553349,0.41333333333333344,3,0.11064862416822675,0.06388301294898745,0.012243118030321494,3,-0.5264754332048084,0.11064862416822675,0.06388301294898745,0.012243118030321494,3,0.5264754332048084
10,No visual information,9,1,0,0,0,3,10,0,0,0,3,0.1111111111111111,0,0,0,3,0.1111111111111111,0,0,0,3,0,0,0,3,0.04575749056067514,0,0,0,3,0.04575749056067514
11,No visual information,9,1,0.5,0.2886751345948129,0.25,3,2,0.05555555555555558,0.03207501495497923,0.0030864197530864226,3,-0.7777777777777778,0.05555555555555558,0.03207501495497923,0.0030864197530864226,3,0.7777777777777778,0.5,0.2886751345948129,0.25,3,0.11121908276973021,0.06421236737612701,0.012369684372140099,3,-0.6625554216420916,0.11121908276973021,0.06421236737612701,0.012369684372140099,3,0.6625554216420916
12,No visual information,9,1,0.5773502691896257,0.3333333333333333,0.3333333333333333,3,2.6666666666666665,0.06415002990995845,0.03703703703703706,0.0041152263374485635,3,-0.7037037037037037,0.06415002990995845,0.03703703703703706,0.0041152263374485635,3,0.7037037037037037,0.5773502691896257,0.3333333333333333,0.3333333333333333,3,0.10166633581773772,0.05869708635189377,0.01033604383860502,3,-0.5358183410715562,0.10166633581773772,0.05869708635189377,0.01033604383860502,3,0.5358183410715562
13,No visual information,9,1,0.11547005383792526,0.06666666666666674,0.013333333333333357,3,2.066666666666667,0.012830005981991702,0.007407407407407418,1.6460905349794286e-4,3,-0.7703703703703704,0.012830005981991702,0.007407407407407418,1.6460905349794286e-4,3,0.7703703703703704,0.11547005383792526,0.06666666666666674,0.013333333333333357,3,0.02389807791858271,0.01379756171940838,5.711181282026506e-4,3,-0.6394149520559353,0.02389807791858271,0.01379756171940838,5.711181282026506e-4,3,0.6394149520559353
14,No visual information,9,1,1,0.5773502691896258,1,3,7,0.1111111111111111,0.06415002990995843,0.012345679012345678,3,-0.2222222222222222,0.1111111111111111,0.06415002990995843,0.012345679012345678,3,0.2222222222222222,1,0.5773502691896258,1,3,0.06252283111177144,0.03609757337287875,0.003909104410231094,3,-0.11212941697604353,0.06252283111177144,0.03609757337287875,0.003909104410231094,3,0.11212941697604353
15,No visual information,9,1,0.8660254037844386,0.5,0.75,3,4.5,0.09622504486493767,0.05555555555555559,0.009259259259259267,3,-0.5,0.09622504486493767,0.05555555555555559,0.009259259259259267,3,0.5,0.8660254037844386,0.5,0.75,3,0.08943268829576946,0.0516339866619144,0.007998205735808261,3,-0.30690649176522045,0.08943268829576946,0.0516339866619144,0.007998205735808261,3,0.30690649176522045
16,No visual information,9,1,7.637626158259733,4.409585518440984,58.333333333333336,3,18.333333333333332,0.8486251286955259,0.4899539464934427,0.7201646090534979,3,1.037037037037037,0.8486251286955259,0.4899539464934427,0.7201646090534979,3,1.037037037037037,7.637626158259733,4.409585518440984,58.333333333333336,3,0.20751179059376343,0.11980698815933058,0.04306114323542992,3,0.27874749200601473,0.20751179059376343,0.11980698815933058,0.04306114323542992,3,0.27874749200601473
17,No visual information,9,1,1.1547005383792515,0.6666666666666666,1.3333333333333333,3,5.666666666666667,0.12830005981991682,0.07407407407407407,0.016460905349794237,3,-0.37037037037037035,0.12830005981991682,0.07407407407407407,0.016460905349794237,3,0.37037037037037035,1.1547005383792515,0.6666666666666666,1.3333333333333333,3,0.08436706073498197,0.04870934522607935,0.007117800937060137,3,-0.20656315987722673,0.08436706073498197,0.04870934522607935,0.007117800937060137,3,0.20656315987722673
18,No visual information,9,1,0.28867513459481287,0.16666666666666666,0.08333333333333333,3,1.3333333333333333,0.03207501495497916,0.01851851851851849,0.0010288065843621368,3,-0.8518518518518519,0.03207501495497916,0.01851851851851849,0.0010288065843621368,3,0.8518518518518519,0.28867513459481287,0.16666666666666666,0.08333333333333333,3,0.1016663358177377,0.05869708635189375,0.010336043838605013,3,-0.8368483367355374,0.1016663358177377,0.05869708635189375,0.010336043838605013,3,0.8368483367355374
19,No visual information,9,1,0.5773502691896257,0.3333333333333333,0.3333333333333333,3,3.3333333333333335,0.06415002990995838,0.03703703703703702,0.004115226337448555,3,-0.6296296296296297,0.06415002990995838,0.03703703703703702,0.004115226337448555,3,0.6296296296296297,0.5773502691896257,0.3333333333333333,0.3333333333333333,3,0.0721334132130137,0.04164624553609997,0.00520322930175938,3,-0.43547500918356247,0.0721334132130137,0.04164624553609997,0.00520322930175938,3,0.43547500918356247
20,No visual information,9,1,0,0,0,3,3.5,0,0,0,3,-0.6111111111111112,0,0,0,3,0.6111111111111112,0,0,0,3,0,0,0,3,-0.41017446508904926,0,0,0,3,0.41017446508904926
1,Visual information,2,2,1.1547005383792515,0.6666666666666666,1.3333333333333333,3,4.333333333333333,0.5773502691896257,0.3333333333333333,0.3333333333333333,3,1.1666666666666667,0.5773502691896257,0.3333333333333333,0.3333333333333333,3,1.1666666666666667,1.1547005383792515,0.6666666666666666,1.3333333333333333,3,0.12808443531038524,0.07394958320545213,0.01640562256878026,3,0.32399042546658546,0.12808443531038524,0.07394958320545213,0.01640562256878026,3,0.32399042546658546
2,Visual information,2,2,0.5773502691896257,0.3333333333333333,0.3333333333333333,3,4.666666666666667,0.28867513459481287,0.16666666666666666,0.08333333333333333,3,1.3333333333333333,0.28867513459481287,0.16666666666666666,0.08333333333333333,3,1.3333333333333333,0.5773502691896257,0.3333333333333333,0.3333333333333333,3,0.055951022097371496,0.03230333766935214,0.0031305168737405537,3,0.3656366710026855,0.055951022097371496,0.03230333766935214,0.0031305168737405537,3,0.3656366710026855
3,Visual information,2,2,0.28867513459481287,0.16666666666666666,0.08333333333333333,3,1.6666666666666667,0.14433756729740643,0.08333333333333333,0.020833333333333332,3,-0.16666666666666666,0.14433756729740643,0.08333333333333333,0.020833333333333332,3,0.16666666666666666,0.28867513459481287,0.16666666666666666,0.08333333333333333,3,0.07213341321301373,0.04164624553609998,0.005203229301759383,3,-0.08329249107219996,0.07213341321301373,0.04164624553609998,0.005203229301759383,3,0.08329249107219996
4,Visual information,2,2,0,0,0,3,1,0,0,0,3,-0.5,0,0,0,3,0.5,0,0,0,3,0,0,0,3,-0.3010299956639812,0,0,0,3,0.3010299956639812
5,Visual information,2,2,0.28867513459481287,0.16666666666666666,0.08333333333333333,3,1.3333333333333333,0.14433756729740643,0.08333333333333333,0.020833333333333332,3,-0.3333333333333333,0.14433756729740643,0.08333333333333333,0.020833333333333332,3,0.3333333333333333,0.28867513459481287,0.16666666666666666,0.08333333333333333,3,0.1016663358177377,0.05869708635189375,0.010336043838605015,3,-0.1836358229601937,0.1016663358177377,0.05869708635189375,0.010336043838605015,3,0.1836358229601937
6,Visual information,2,2,0,0,0,3,1,0,0,0,3,-0.5,0,0,0,3,0.5,0,0,0,3,0,0,0,3,-0.3010299956639812,0,0,0,3,0.3010299956639812
7,Visual information,2,2,0,0,0,3,1,0,0,0,3,-0.5,0,0,0,3,0.5,0,0,0,3,0,0,0,3,-0.3010299956639812,0,0,0,3,0.3010299956639812
8,Visual information,2,2,0.5773502691896257,0.3333333333333333,0.3333333333333333,3,1.3333333333333333,0.28867513459481287,0.16666666666666666,0.08333333333333333,3,-0.3333333333333333,0.28867513459481287,0.16666666666666666,0.08333333333333333,3,0.3333333333333333,0.5773502691896257,0.3333333333333333,0.3333333333333333,3,0.17379974903075143,0.10034333188799374,0.03020635276315218,3,-0.20068666377598746,0.17379974903075143,0.10034333188799374,0.03020635276315218,3,0.20068666377598746
9,Visual information,2,2,0,0,0,3,1.5,0,0,0,3,-0.25,0,0,0,3,0.25,0,0,0,3,0,0,0,3,-0.12493873660829995,0,0,0,3,0.12493873660829995
10,Visual information,2,2,0,0,0,3,2,0,0,0,3,0,0,0,0,3,0,0,0,0,3,0,0,0,3,0,0,0,0,3,0
11,Visual information,2,2,0.28867513459481287,0.16666666666666666,0.08333333333333333,3,1.1666666666666667,0.14433756729740643,0.08333333333333333,0.020833333333333332,3,-0.4166666666666667,0.14433756729740643,0.08333333333333333,0.020833333333333332,3,0.4166666666666667,0.28867513459481287,0.16666666666666666,0.08333333333333333,3,0.1016663358177377,0.05869708635189375,0.010336043838605015,3,-0.24233290931208745,0.1016663358177377,0.05869708635189375,0.010336043838605015,3,0.24233290931208745
12,Visual information,2,2,0,0,0,3,1,0,0,0,3,-0.5,0,0,0,3,0.5,0,0,0,3,0,0,0,3,-0.3010299956639812,0,0,0,3,0.3010299956639812
13,Visual information,2,2,0.36855573979159967,0.21278575558006174,0.13583333333333333,3,1.3833333333333333,0.18427786989579983,0.10639287779003087,0.03395833333333333,3,-0.3083333333333333,0.18427786989579983,0.10639287779003087,0.03395833333333333,3,0.3083333333333333,0.36855573979159967,0.21278575558006174,0.13583333333333333,3,0.1109845559630888,0.06407696326118041,0.01231757166232399,3,-0.16983826124078533,0.1109845559630888,0.06407696326118041,0.01231757166232399,3,0.16983826124078533
14,Visual information,2,2,0.5773502691896257,0.3333333333333333,0.3333333333333333,3,1.3333333333333333,0.28867513459481287,0.16666666666666666,0.08333333333333333,3,-0.3333333333333333,0.28867513459481287,0.16666666666666666,0.08333333333333333,3,0.3333333333333333,0.5773502691896257,0.3333333333333333,0.3333333333333333,3,0.17379974903075143,0.10034333188799374,0.03020635276315218,3,-0.20068666377598746,0.17379974903075143,0.10034333188799374,0.03020635276315218,3,0.20068666377598746
15,Visual information,2,2,0.5773502691896257,0.3333333333333333,0.3333333333333333,3,1.3333333333333333,0.28867513459481287,0.16666666666666666,0.08333333333333333,3,-0.3333333333333333,0.28867513459481287,0.16666666666666666,0.08333333333333333,3,0.3333333333333333,0.5773502691896257,0.3333333333333333,0.3333333333333333,3,0.17379974903075143,0.10034333188799374,0.03020635276315218,3,-0.20068666377598746,0.17379974903075143,0.10034333188799374,0.03020635276315218,3,0.20068666377598746
16,Visual information,2,2,0,0,0,3,1,0,0,0,3,-0.5,0,0,0,3,0.5,0,0,0,3,0,0,0,3,-0.3010299956639812,0,0,0,3,0.3010299956639812
17,Visual information,2,2,0,0,0,3,1,0,0,0,3,-0.5,0,0,0,3,0.5,0,0,0,3,0,0,0,3,-0.3010299956639812,0,0,0,3,0.3010299956639812
18,Visual information,2,2,0,0,0,3,2,0,0,0,3,0,0,0,0,3,0,0,0,0,3,0,0,0,3,0,0,0,0,3,0
20,Visual information,2,2,0.28867513459481287,0.16666666666666666,0.08333333333333333,3,1.3333333333333333,0.14433756729740643,0.08333333333333333,0.020833333333333332,3,-0.3333333333333333,0.14433756729740643,0.08333333333333333,0.020833333333333332,3,0.3333333333333333,0.28867513459481287,0.16666666666666666,0.08333333333333333,3,0.1016663358177377,0.05869708635189375,0.010336043838605015,3,-0.1836358229601937,0.1016663358177377,0.05869708635189375,0.010336043838605015,3,0.1836358229601937
1,Visual information,2.7,2,0,0,0,3,3,0,0,0,3,0.11111111111111104,0,0,0,3,0.11111111111111104,0,0,0,3,0,0,0,3,0.04575749056067506,0,0,0,3,0.04575749056067506
2,Visual information,2.7,2,2.516611478423583,1.4529663145135578,6.333333333333333,3,7.666666666666667,0.9320783253420677,0.5381356720420584,0.8687700045724734,3,1.839506172839506,0.9320783253420677,0.5381356720420584,0.8687700045724734,3,1.839506172839506,2.516611478423583,1.4529663145135578,6.333333333333333,3,0.15366390610145098,0.0887178975524021,0.02361259603835554,3,0.43598956628366675,0.15366390610145098,0.0887178975524021,0.02361259603835554,3,0.43598956628366675
3,Visual information,2.7,2,0.5,0.2886751345948129,0.25,3,2.5,0.18518518518518517,0.10691671651659737,0.034293552812071325,3,-0.07407407407407414,0.09799078929868855,0.05657500857970174,0.009602194787379975,3,0.14814814814814817,0.26457513110645914,0.15275252316519472,0.07000000000000003,3,0.08819424760407296,0.05091897259518804,0.00777822531044853,3,-0.03933334447376027,0.05275228025295165,0.03045654320440822,0.002782803071885953,3,0.06983833818087698
4,Visual information,2.7,2,0,0,0,3,1,0,0,0,3,-0.6296296296296297,0,0,0,3,0.6296296296296297,0,0,0,3,0,0,0,3,-0.43136376415898736,0,0,0,3,0.43136376415898736
5,Visual information,2.7,2,0.7637626158259734,0.4409585518440985,0.5833333333333334,3,3.1666666666666665,0.2828750428985086,0.1633179821644809,0.0800182898948331,3,0.17283950617283944,0.22528750112215623,0.13006979941793503,0.050754458161865544,3,0.22222222222222218,0.6082762530298219,0.3511884584284246,0.3699999999999999,3,0.10291122788629344,0.05941582512278644,0.010590720825064619,3,0.061009987414233455,0.07594465134539259,0.04384666489777469,0.005767590067973241,3,0.08329249107219996
6,Visual information,2.7,2,0.28867513459481287,0.16666666666666666,0.08333333333333333,3,1.3333333333333333,0.10691671651659736,0.06172839506172839,0.011431184270690443,3,-0.5061728395061729,0.10691671651659736,0.06172839506172839,0.011431184270690443,3,0.5061728395061729,0.28867513459481287,0.16666666666666666,0.08333333333333333,3,0.1016663358177377,0.05869708635189375,0.010336043838605013,3,-0.31396959145519987,0.1016663358177377,0.05869708635189375,0.010336043838605013,3,0.31396959145519987
7,Visual information,2.7,2,0.28867513459481287,0.16666666666666666,0.08333333333333333,3,1.1666666666666667,0.10691671651659736,0.06172839506172839,0.011431184270690443,3,-0.5679012345679013,0.10691671651659736,0.06172839506172839,0.011431184270690443,3,0.5679012345679013,0.28867513459481287,0.16666666666666666,0.08333333333333333,3,0.1016663358177377,0.05869708635189375,0.010336043838605013,3,-0.3726666778070936,0.1016663358177377,0.05869708635189375,0.010336043838605013,3,0.3726666778070936
8,Visual information,2.7,2,1.1547005383792515,0.6666666666666666,1.3333333333333333,3,2.6666666666666665,0.42766686606638943,0.24691358024691357,0.18289894833104708,3,-0.012345679012345734,0.12830005981991677,0.07407407407407404,0.01646090534979422,3,0.3333333333333333,0.34641016151377524,0.19999999999999987,0.11999999999999986,3,0.17379974903075143,0.10034333188799374,0.03020635276315218,3,-0.029990436607012404,0.023303276380571107,0.013454152891322978,5.430426900692832e-4,3,0.14378792138632912
9,Visual information,2.7,2,0.28867513459481287,0.16666666666666666,0.08333333333333333,3,1.8333333333333333,0.10691671651659736,0.06172839506172839,0.011431184270690443,3,-0.3209876543209877,0.10691671651659736,0.06172839506172839,0.011431184270690443,3,0.3209876543209877,0.28867513459481287,0.16666666666666666,0.08333333333333333,3,0.07213341321301375,0.0416462455361,0.005203229301759387,3,-0.17198001403110613,0.07213341321301375,0.0416462455361,0.005203229301759387,3,0.17198001403110613
10,Visual information,2.7,2,0,0,0,3,2,0,0,0,3,-0.2592592592592593,0,0,0,3,0.2592592592592593,0,0,0,3,0,0,0,3,-0.13033376849500614,0,0,0,3,0.13033376849500614
11,Visual information,2.7,2,0.7637626158259734,0.4409585518440985,0.5833333333333334,3,1.8333333333333333,0.2828750428985086,0.1633179821644809,0.08001828989483309,3,-0.3209876543209877,0.2828750428985086,0.1633179821644809,0.08001828989483309,3,0.3209876543209877,0.7637626158259734,0.4409585518440985,0.5833333333333334,3,0.20751179059376343,0.11980698815933058,0.04306114323542993,3,-0.19837376271364776,0.20751179059376343,0.11980698815933058,0.04306114323542993,3,0.19837376271364776
12,Visual information,2.7,2,0.28867513459481287,0.16666666666666666,0.08333333333333333,3,1.1666666666666667,0.10691671651659736,0.06172839506172839,0.011431184270690443,3,-0.5679012345679013,0.10691671651659736,0.06172839506172839,0.011431184270690443,3,0.5679012345679013,0.28867513459481287,0.16666666666666666,0.08333333333333333,3,0.1016663358177377,0.05869708635189375,0.010336043838605013,3,-0.3726666778070936,0.1016663358177377,0.05869708635189375,0.010336043838605013,3,0.3726666778070936
13,Visual information,2.7,2,0.25980762113533157,0.15,0.06749999999999999,3,1.4,0.09622504486493763,0.05555555555555556,0.00925925925925926,3,-0.4814814814814815,0.09622504486493763,0.05555555555555556,0.00925925925925926,3,0.4814814814814815,0.25980762113533157,0.15,0.06749999999999999,3,0.07709872469483385,0.044512969456739174,0.005944213349569782,3,-0.2899407816941918,0.07709872469483385,0.044512969456739174,0.005944213349569782,3,0.2899407816941918
14,Visual information,2.7,2,0.5773502691896257,0.3333333333333333,0.3333333333333333,3,3.6666666666666665,0.21383343303319471,0.12345679012345678,0.04572473708276177,3,0.3580246913580246,0.21383343303319471,0.12345679012345678,0.04572473708276177,3,0.3580246913580246,0.5773502691896257,0.3333333333333333,0.3333333333333333,3,0.07213341321301375,0.0416462455361,0.005203229301759388,3,0.12904998163287507,0.07213341321301375,0.0416462455361,0.005203229301759388,3,0.12904998163287507
15,Visual information,2.7,2,0.5773502691896257,0.3333333333333333,0.3333333333333333,3,2.3333333333333335,0.21383343303319471,0.12345679012345678,0.045724737082761764,3,-0.13580246913580252,0.08553337321327796,0.04938271604938276,0.007315957933241896,3,0.20987654320987653,0.23094010767585052,0.13333333333333347,0.05333333333333343,3,0.10166633581773767,0.05869708635189374,0.010336043838605008,3,-0.0716366821431124,0.04883013683244265,0.02819209264477703,0.0023843822630750726,3,0.10214167585022911
16,Visual information,2.7,2,0.5773502691896257,0.3333333333333333,0.3333333333333333,3,1.3333333333333333,0.21383343303319471,0.12345679012345678,0.04572473708276177,3,-0.5061728395061729,0.21383343303319471,0.12345679012345678,0.04572473708276177,3,0.5061728395061729,0.5773502691896257,0.3333333333333333,0.3333333333333333,3,0.17379974903075143,0.10034333188799374,0.030206352763152186,3,-0.33102043227099365,0.17379974903075143,0.10034333188799374,0.030206352763152186,3,0.33102043227099365
17,Visual information,2.7,2,0.5773502691896257,0.3333333333333333,0.3333333333333333,3,1.6666666666666667,0.21383343303319471,0.12345679012345678,0.04572473708276177,3,-0.3827160493827161,0.21383343303319471,0.12345679012345678,0.04572473708276177,3,0.3827160493827161,0.5773502691896257,0.3333333333333333,0.3333333333333333,3,0.17379974903075143,0.10034333188799374,0.030206352763152186,3,-0.23067710038299988,0.17379974903075143,0.10034333188799374,0.030206352763152186,3,0.23067710038299988
18,Visual information,2.7,2,0.5773502691896257,0.3333333333333333,0.3333333333333333,3,2.6666666666666665,0.21383343303319471,0.12345679012345678,0.045724737082761764,3,-0.012345679012345743,0.08553337321327796,0.04938271604938276,0.007315957933241896,3,0.1604938271604938,0.23094010767585052,0.13333333333333347,0.05333333333333343,3,0.10166633581773767,0.05869708635189374,0.010336043838605008,3,-0.012939595791218672,0.04883013683244265,0.02819209264477703,0.0023843822630750726,3,0.07394958320545209
19,Visual information,2.7,2,0.28867513459481287,0.16666666666666666,0.08333333333333333,3,0.8333333333333334,0.1069167165165974,0.06172839506172842,0.01143118427069045,3,-0.6913580246913581,0.1069167165165974,0.06172839506172842,0.01143118427069045,3,0.6913580246913581,0.28867513459481287,0.16666666666666666,0.08333333333333333,3,0.17379974903075138,0.10034333188799371,0.03020635276315217,3,-0.5317070960469811,0.17379974903075138,0.10034333188799371,0.03020635276315217,3,0.5317070960469811
20,Visual information,2.7,2,0.5,0.2886751345948129,0.25,3,3.5,0.18518518518518517,0.10691671651659737,0.03429355281207133,3,0.2962962962962962,0.18518518518518517,0.10691671651659737,0.03429355281207133,3,0.2962962962962962,0.5,0.2886751345948129,0.25,3,0.06252283111177145,0.036097573372878757,0.0039091044102310965,3,0.10971933264031282,0.06252283111177145,0.036097573372878757,0.0039091044102310965,3,0.10971933264031282
1,Visual information,3.65,2,3.605551275463989,2.0816659994661326,13,3,6,0.9878222672504079,0.5703194519085295,0.9757928316757364,3,0.6438356164383561,0.8516685612445122,0.4917110730948604,0.7253393382122973,3,0.7625570776255708,3.1085902485424697,1.7947454167962407,9.663333333333332,3,0.26243669340170955,0.1515178955807123,0.06887301804362289,3,0.1630708885620857,0.19041760023719623,0.10993765275538779,0.03625886248009267,3,0.21985196171996052
2,Visual information,3.65,2,2,1.1547005383792517,4,3,10,0.547945205479452,0.31635631188472646,0.3002439482079189,3,1.7397260273972601,0.547945205479452,0.31635631188472646,0.3002439482079189,3,1.7397260273972601,2,1.1547005383792517,4,3,0.08819424760407302,0.050918972595188065,0.007778225310448539,3,0.43179754655671476,0.08819424760407302,0.050918972595188065,0.007778225310448539,3,0.43179754655671476
3,Visual information,3.65,2,0.5,0.2886751345948129,0.25,3,2.5,0.136986301369863,0.07908907797118161,0.01876524676299493,3,-0.3150684931506849,0.136986301369863,0.07908907797118161,0.01876524676299493,3,0.3150684931506849,0.5,0.2886751345948129,0.25,3,0.08819424760407303,0.05091897259518807,0.007778225310448542,3,-0.17026244477124763,0.08819424760407303,0.05091897259518807,0.007778225310448542,3,0.17026244477124763
4,Visual information,3.65,2,0.5773502691896257,0.3333333333333333,0.3333333333333333,3,1.8333333333333333,0.15817815594236326,0.09132420091324203,0.025020329017326585,3,-0.497716894977169,0.15817815594236326,0.09132420091324203,0.025020329017326585,3,0.497716894977169,0.5773502691896257,0.3333333333333333,0.3333333333333333,3,0.1280844353103852,0.0739495832054521,0.016405622568780247,3,-0.3122520221953413,0.1280844353103852,0.0739495832054521,0.016405622568780247,3,0.3122520221953413
5,Visual information,3.65,2,1,0.5773502691896258,1,3,4,0.273972602739726,0.15817815594236323,0.07506098705197974,3,0.09589041095890413,0.14059182025881875,0.0811707252722885,0.019766059923688,3,0.21461187214611874,0.5131601439446885,0.296273147243853,0.26333333333333336,3,0.11121908276973018,0.064212367376127,0.012369684372140092,3,0.030424219004739836,0.04848700396459013,0.027993984791154565,0.0023509895534621792,3,0.08720529216261466
6,Visual information,3.65,2,0,0,0,3,1.5,0,0,0,3,-0.589041095890411,0,0,0,3,0.589041095890411,0,0,0,3,0,0,0,3,-0.3862016054007934,0,0,0,3,0.3862016054007934
7,Visual information,3.65,2,0.8660254037844386,0.5,0.75,3,2.5,0.23726723391354487,0.13698630136986303,0.05629574028898481,3,-0.3150684931506849,0.23726723391354487,0.13698630136986303,0.05629574028898481,3,0.3150684931506849,0.8660254037844386,0.5,0.75,3,0.1737997490307514,0.10034333188799373,0.030206352763152176,3,-0.18551494162480595,0.1737997490307514,0.10034333188799373,0.030206352763152176,3,0.18551494162480595
8,Visual information,3.65,2,2,1.1547005383792517,4,3,4,0.547945205479452,0.31635631188472646,0.30024394820791894,3,0.09589041095890413,0.27805182370115666,0.16053329526252919,0.07731281666353912,3,0.3972602739726028,1.014889156509222,0.5859465277082315,1.03,3,0.24127159022926034,0.13929821756667254,0.05821198025175611,3,-0.0018791186646123087,0.11699719531483042,0.06754836220944857,0.013688343711536578,3,0.17229612719705006
9,Visual information,3.65,2,0.5773502691896257,0.3333333333333333,0.3333333333333333,3,2.3333333333333335,0.1581781559423632,0.091324200913242,0.025020329017326575,3,-0.3607305936073059,0.1581781559423632,0.091324200913242,0.025020329017326575,3,0.3607305936073059,0.5773502691896257,0.3333333333333333,0.3333333333333333,3,0.10166633581773774,0.058697086351893774,0.010336043838605024,3,-0.20256578244059978,0.10166633581773774,0.058697086351893774,0.010336043838605024,3,0.20256578244059978
10,Visual information,3.65,2,1.1547005383792515,0.6666666666666666,1.3333333333333333,3,3.6666666666666665,0.31635631188472646,0.18264840182648404,0.10008131606930631,3,0.004566210045662118,0.11072470915965428,0.06392694063926943,0.01225996121849003,3,0.24200913242009134,0.4041451884327381,0.2333333333333334,0.1633333333333334,3,0.1280844353103852,0.0739495832054521,0.01640562256878025,3,-0.011222026531360127,0.029736731692660615,0.017168510047577284,8.842732117612863e-4,3,0.10234011978438952
11,Visual information,3.65,2,0.5,0.2886751345948129,0.25,3,2,0.13698630136986303,0.07908907797118163,0.018765246762994937,3,-0.4520547945205479,0.13698630136986303,0.07908907797118163,0.018765246762994937,3,0.4520547945205479,0.5,0.2886751345948129,0.25,3,0.11121908276973017,0.06421236737612698,0.012369684372140088,3,-0.27060577665924135,0.11121908276973017,0.06421236737612698,0.012369684372140088,3,0.27060577665924135
12,Visual information,3.65,2,0.7637626158259734,0.4409585518440985,0.5833333333333334,3,2.1666666666666665,0.20925003173314338,0.12081056214906807,0.043785575780321516,3,-0.4063926940639269,0.20925003173314338,0.12081056214906807,0.043785575780321516,3,0.4063926940639269,0.7637626158259734,0.4409585518440985,0.5833333333333334,3,0.15123760429125518,0.08731707154915029,0.022872812951758286,3,-0.24421202797669972,0.15123760429125518,0.08731707154915029,0.022872812951758286,3,0.24421202797669972
13,Visual information,3.65,2,0.10000000000000009,0.05773502691896263,0.010000000000000018,3,2.1,0.02739726027397263,0.01581781559423634,7.506098705197988e-4,3,-0.4246575342465753,0.02739726027397263,0.01581781559423634,7.506098705197988e-4,3,0.4246575342465753,0.10000000000000009,0.05773502691896263,0.010000000000000018,3,0.020698299403234484,0.011950168732224901,4.2841959818593696e-4,3,-0.24040220738310578,0.020698299403234484,0.011950168732224901,4.2841959818593696e-4,3,0.24040220738310578
14,Visual information,3.65,2,2,1.1547005383792517,4,3,4,0.547945205479452,0.31635631188472646,0.30024394820791894,3,0.09589041095890413,0.27805182370115666,0.16053329526252919,0.07731281666353912,3,0.3972602739726028,1.014889156509222,0.5859465277082315,1.03,3,0.24127159022926034,0.13929821756667254,0.05821198025175611,3,-0.0018791186646123087,0.11699719531483042,0.06754836220944857,0.013688343711536578,3,0.17229612719705006
15,Visual information,3.65,2,0.5773502691896257,0.3333333333333333,0.3333333333333333,3,2.6666666666666665,0.1581781559423632,0.091324200913242,0.025020329017326575,3,-0.2694063926940639,0.1581781559423632,0.091324200913242,0.025020329017326575,3,0.2694063926940639,0.5773502691896257,0.3333333333333333,0.3333333333333333,3,0.10166633581773774,0.058697086351893774,0.010336043838605024,3,-0.143868696088706,0.10166633581773774,0.058697086351893774,0.010336043838605024,3,0.143868696088706
16,Visual information,3.65,2,0,0,0,3,2,0,0,0,3,-0.4520547945205479,0,0,0,3,0.4520547945205479,0,0,0,3,0,0,0,3,-0.26126286879249355,0,0,0,3,0.26126286879249355
17,Visual information,3.65,2,0.5773502691896257,0.3333333333333333,0.3333333333333333,3,2.6666666666666665,0.1581781559423632,0.091324200913242,0.025020329017326575,3,-0.2694063926940639,0.1581781559423632,0.091324200913242,0.025020329017326575,3,0.2694063926940639,0.5773502691896257,0.3333333333333333,0.3333333333333333,3,0.10166633581773774,0.058697086351893774,0.010336043838605024,3,-0.143868696088706,0.10166633581773774,0.058697086351893774,0.010336043838605024,3,0.143868696088706
18,Visual information,3.65,2,0.5773502691896257,0.3333333333333333,0.3333333333333333,3,2.3333333333333335,0.1581781559423632,0.091324200913242,0.025020329017326575,3,-0.3607305936073059,0.1581781559423632,0.091324200913242,0.025020329017326575,3,0.3607305936073059,0.5773502691896257,0.3333333333333333,0.3333333333333333,3,0.10166633581773774,0.058697086351893774,0.010336043838605024,3,-0.20256578244059978,0.10166633581773774,0.058697086351893774,0.010336043838605024,3,0.20256578244059978
19,Visual information,3.65,2,0,0,0,3,1.5,0,0,0,3,-0.589041095890411,0,0,0,3,0.589041095890411,0,0,0,3,0,0,0,3,-0.3862016054007934,0,0,0,3,0.3862016054007934
20,Visual information,3.65,2,1.0408329997330663,0.6009252125773316,1.0833333333333333,3,3.3333333333333335,0.28515972595426475,0.16463704454173467,0.08131606930631138,3,-0.08675799086757989,0.0689482596828379,0.03980729628804268,0.004753862513292049,3,0.24200913242009134,0.2516611478423583,0.1452966314513558,0.06333333333333332,3,0.13066614781137653,0.07544013561286968,0.0170736421838645,3,-0.05286827206746012,0.044149642309812206,0.02548980787219577,0.00194919091608436,3,0.11348137161337278
1,Visual information,4.9,2,7.637626158259733,4.409585518440984,58.333333333333336,3,13.333333333333334,1.558699215971374,0.8999154119267314,2.429543245869776,3,1.7210884353741496,1.558699215971374,0.8999154119267314,2.429543245869776,3,1.7210884353741496,7.637626158259733,4.409585518440984,58.333333333333336,3,0.31773432632950055,0.18344399883712156,0.10095510212806154,3,0.36850100632338006,0.31773432632950055,0.18344399883712156,0.10095510212806154,3,0.36850100632338006
2,Visual information,4.9,2,1.1547005383792515,0.6666666666666666,1.3333333333333333,3,10.666666666666666,0.23565317109780642,0.1360544217687075,0.055532417048452035,3,1.1768707482993195,0.23565317109780642,0.1360544217687075,0.055532417048452035,3,1.1768707482993195,1.1547005383792515,0.6666666666666666,1.3333333333333333,3,0.04571531372036612,0.026393748682541573,0.002089889908551495,3,0.33619766865402795,0.04571531372036612,0.026393748682541573,0.002089889908551495,3,0.33619766865402795
3,Visual information,4.9,2,0,0,0,3,3,0,0,0,3,-0.38775510204081637,0,0,0,3,0.38775510204081637,0,0,0,3,0,0,0,3,-0.2130748253088513,0,0,0,3,0.2130748253088513
4,Visual information,4.9,2,0.28867513459481287,0.16666666666666666,0.08333333333333333,3,2.1666666666666665,0.05891329277445158,0.03401360544217685,0.0034707760655282487,3,-0.5578231292517006,0.05891329277445158,0.03401360544217685,0.0034707760655282487,3,0.5578231292517006,0.28867513459481287,0.16666666666666666,0.08333333333333333,3,0.055951022097371565,0.03230333766935217,0.003130516873740561,3,-0.35686274669518037,0.055951022097371565,0.03230333766935217,0.003130516873740561,3,0.35686274669518037
5,Visual information,4.9,2,0.5773502691896257,0.3333333333333333,0.3333333333333333,3,4.666666666666667,0.11782658554890321,0.06802721088435375,0.013883104262113007,3,-0.04761904761904769,0.09426126843912265,0.05442176870748304,0.00888518672775234,3,0.07482993197278909,0.46188021535170104,0.26666666666666694,0.2133333333333337,3,0.055951022097371544,0.032303337669352165,0.0031305168737405585,3,-0.023529413361847006,0.04581976697579654,0.026454054797682057,0.0020994510457162953,3,0.03522797910518721
6,Visual information,4.9,2,0.8660254037844386,0.5,0.75,3,3,0.1767398783233548,0.1020408163265306,0.031236984589754258,3,-0.38775510204081637,0.1767398783233548,0.1020408163265306,0.031236984589754258,3,0.38775510204081637,0.8660254037844386,0.5,0.75,3,0.14031808283235347,0.0810126828954315,0.01968916436974721,3,-0.22714071857366958,0.14031808283235347,0.0810126828954315,0.01968916436974721,3,0.22714071857366958
7,Visual information,4.9,2,0,0,0,3,3,0,0,0,3,-0.38775510204081637,0,0,0,3,0.38775510204081637,0,0,0,3,0,0,0,3,-0.2130748253088513,0,0,0,3,0.2130748253088513
8,Visual information,4.9,2,0,0,0,3,3,0,0,0,3,-0.38775510204081637,0,0,0,3,0.38775510204081637,0,0,0,3,0,0,0,3,-0.2130748253088513,0,0,0,3,0.2130748253088513
9,Visual information,4.9,2,0,0,0,3,3,0,0,0,3,-0.38775510204081637,0,0,0,3,0.38775510204081637,0,0,0,3,0,0,0,3,-0.2130748253088513,0,0,0,3,0.2130748253088513
10,Visual information,4.9,2,1.5275252316519468,0.881917103688197,2.3333333333333335,3,5.333333333333333,0.31173984319427483,0.1799830823853463,0.09718172983479105,3,0.0884353741496598,0.2054376717080476,0.11860949506233126,0.04220463695682354,3,0.21088435374149656,1.0066445913694333,0.5811865258054232,1.0133333333333332,3,0.12234680662066316,0.07063696173693097,0.014968741090273947,3,0.02517993186423231,0.07315444565757216,0.04223573889281714,0.005351572919466678,3,0.08393732433126652
11,Visual information,4.9,2,0.28867513459481287,0.16666666666666666,0.08333333333333333,3,2.1666666666666665,0.05891329277445158,0.03401360544217685,0.0034707760655282487,3,-0.5578231292517006,0.05891329277445158,0.03401360544217685,0.0034707760655282487,3,0.5578231292517006,0.28867513459481287,0.16666666666666666,0.08333333333333333,3,0.055951022097371565,0.03230333766935217,0.003130516873740561,3,-0.35686274669518037,0.055951022097371565,0.03230333766935217,0.003130516873740561,3,0.35686274669518037
12,Visual information,4.9,2,0.28867513459481287,0.16666666666666666,0.08333333333333333,3,1.8333333333333333,0.058913292774451606,0.034013605442176874,0.003470776065528252,3,-0.6258503401360545,0.058913292774451606,0.034013605442176874,0.003470776065528252,3,0.6258503401360545,0.28867513459481287,0.16666666666666666,0.08333333333333333,3,0.07213341321301374,0.04164624553609999,0.005203229301759384,3,-0.4308123299006325,0.07213341321301374,0.04164624553609999,0.005203229301759384,3,0.4308123299006325
13,Visual information,4.9,2,0.529150262212918,0.30550504633038933,0.27999999999999997,3,2.4,0.10798984943120774,0.062347968638854945,0.011661807580174918,3,-0.5102040816326531,0.10798984943120774,0.062347968638854945,0.011661807580174918,3,0.5102040816326531,0.529150262212918,0.30550504633038933,0.27999999999999997,3,0.09207351384485428,0.05315866800356136,0.008477531951738573,3,-0.3166714362932304,0.09207351384485428,0.05315866800356136,0.008477531951738573,3,0.3166714362932304
14,Visual information,4.9,2,1.1547005383792515,0.6666666666666666,1.3333333333333333,3,4.333333333333333,0.23565317109780642,0.1360544217687075,0.05553241704845203,3,-0.11564625850340142,0.21208785398802585,0.12244897959183677,0.044981257809246174,3,0.14285714285714282,1.039230484541327,0.6000000000000003,1.080000000000001,3,0.12808443531038527,0.07394958320545214,0.01640562256878027,3,-0.06517565889794699,0.11795318018881029,0.06810030033378206,0.013912952716653947,3,0.07687422464128721
15,Visual information,4.9,2,1.1547005383792515,0.6666666666666666,1.3333333333333333,3,3.6666666666666665,0.23565317109780642,0.1360544217687075,0.05553241704845203,3,-0.2517006802721089,0.21208785398802585,0.12244897959183677,0.044981257809246174,3,0.2653061224489796,1.039230484541327,0.6000000000000003,1.080000000000001,3,0.12808443531038527,0.07394958320545214,0.01640562256878027,3,-0.13912524210339916,0.11795318018881029,0.06810030033378206,0.013912952716653947,3,0.14497452497506924
16,Visual information,4.9,2,9.018499505645789,5.2068331172711035,81.33333333333333,3,10.666666666666666,1.840510103193018,1.062619003524715,3.3874774399555734,3,1.1768707482993195,1.3270014862864372,0.766144665322508,1.7609329446064135,3,1.5714285714285712,6.502307282803543,3.75410886008029,42.279999999999994,3,0.5130266603291604,0.2961960804424955,0.2631963542084918,3,0.17715725041414046,0.15602031857366372,0.09007837292755592,0.024342339807827514,3,0.4366013066571621
17,Visual information,4.9,2,1.1547005383792515,0.6666666666666666,1.3333333333333333,3,3.6666666666666665,0.23565317109780642,0.1360544217687075,0.05553241704845203,3,-0.2517006802721089,0.21208785398802585,0.12244897959183677,0.044981257809246174,3,0.2653061224489796,1.039230484541327,0.6000000000000003,1.080000000000001,3,0.12808443531038527,0.07394958320545214,0.01640562256878027,3,-0.13912524210339916,0.11795318018881029,0.06810030033378206,0.013912952716653947,3,0.14497452497506924
18,Visual information,4.9,2,0.5773502691896257,0.3333333333333333,0.3333333333333333,3,2.3333333333333335,0.11782658554890318,0.06802721088435372,0.013883104262113002,3,-0.5238095238095238,0.11782658554890318,0.06802721088435372,0.013883104262113002,3,0.5238095238095238,0.5773502691896257,0.3333333333333333,0.3333333333333333,3,0.1016663358177377,0.05869708635189375,0.010336043838605013,3,-0.3304689980126388,0.1016663358177377,0.05869708635189375,0.010336043838605013,3,0.3304689980126388
19,Visual information,4.9,2,0.28867513459481287,0.16666666666666666,0.08333333333333333,3,1.3333333333333333,0.058913292774451606,0.034013605442176874,0.003470776065528252,3,-0.7278911564625851,0.058913292774451606,0.034013605442176874,0.003470776065528252,3,0.7278911564625851,0.28867513459481287,0.16666666666666666,0.08333333333333333,3,0.1016663358177377,0.05869708635189375,0.010336043838605013,3,-0.5728019073247262,0.1016663358177377,0.05869708635189375,0.010336043838605013,3,0.5728019073247262
20,Visual information,4.9,2,0.8660254037844386,0.5,0.75,3,4.5,0.1767398783233548,0.1020408163265306,0.03123698458975426,3,-0.08163265306122455,0.15317456121357426,0.0884353741496599,0.023462446202971006,3,0.10884353741496595,0.75055534994651385,0.43333333333333357,0.5633333333333339,3,0.0894326882957695,0.05163398666191442,0.007998205735808268,3,-0.04286006235440926,0.0793014331741945,0.04578470379024432,0.006288717303481236,3,0.054558628097749466
1,Visual information,6.65,2,5.773502691896258,3.333333333333334,33.333333333333336,3,13.333333333333334,0.8681958935182342,0.5012531328320802,0.7537641095219251,3,1.0050125313283207,0.8681958935182342,0.5012531328320802,0.7537641095219251,3,1.0050125313283207,5.773502691896258,3.333333333333334,33.333333333333336,3,0.1737997490307514,0.10034333188799373,0.030206352763152176,3,0.2775216865848891,0.1737997490307514,0.10034333188799373,0.030206352763152176,3,0.2775216865848891
2,Visual information,6.65,2,1.7320508075688772,1,3,3,16,0.26045876805547025,0.15037593984962405,0.06783876985697325,3,1.4060150375939848,0.26045876805547025,0.15037593984962405,0.06783876985697325,3,1.4060150375939848,1.7320508075688772,1,3,3,0.045715313720366156,0.026393748682541594,0.002089889908551498,3,0.3796633624351182,0.045715313720366156,0.026393748682541594,0.002089889908551498,3,0.3796633624351182
3,Visual information,6.65,2,0.5773502691896257,0.3333333333333333,0.3333333333333333,3,4.333333333333333,0.08681958935182342,0.050125313283208024,0.00753764109521925,3,-0.3483709273182958,0.08681958935182342,0.050125313283208024,0.00753764109521925,3,0.3483709273182958,0.5773502691896257,0.3333333333333333,0.3333333333333333,3,0.055951022097371496,0.03230333766935214,0.0031305168737405537,3,-0.18845831630579007,0.055951022097371496,0.03230333766935214,0.0031305168737405537,3,0.18845831630579007
4,Visual information,6.65,2,0.8660254037844386,0.5,0.75,3,3.5,0.13022938402773512,0.07518796992481203,0.016959692464243312,3,-0.4736842105263158,0.13022938402773512,0.07518796992481203,0.016959692464243312,3,0.4736842105263158,0.8660254037844386,0.5,0.75,3,0.11784872693337994,0.06803999421864161,0.01388832243981835,3,-0.28880164819378384,0.11784872693337994,0.06803999421864161,0.01388832243981835,3,0.28880164819378384
5,Visual information,6.65,2,0.5773502691896257,0.3333333333333333,0.3333333333333333,3,5.666666666666667,0.08681958935182342,0.050125313283208024,0.00753764109521925,3,-0.1478696741854637,0.08681958935182342,0.050125313283208024,0.00753764109521925,3,0.1478696741854637,0.5773502691896257,0.3333333333333333,0.3333333333333333,3,0.045715313720366184,0.026393748682541608,0.0020898899085515007,3,-0.0710641436020026,0.045715313720366184,0.026393748682541608,0.0020898899085515007,3,0.0710641436020026
6,Visual information,6.65,2,1.2583057392117916,0.7264831572567789,1.5833333333333333,3,3.6666666666666665,0.18921890815214912,0.10924558755741037,0.03580379520229144,3,-0.4486215538847118,0.18921890815214912,0.10924558755741037,0.03580379520229144,3,0.4486215538847118,1.2583057392117916,0.7264831572567789,1.5833333333333333,3,0.1505363069761255,0.0869121773554782,0.02266117971801029,3,-0.27582895951699393,0.1505363069761255,0.0869121773554782,0.02266117971801029,3,0.27582895951699393
7,Visual information,6.65,2,0,0,0,3,4,0,0,0,3,-0.3984962406015038,0,0,0,3,0.3984962406015038,0,0,0,3,0,0,0,3,-0.22076165397514222,0,0,0,3,0.22076165397514222
8,Visual information,6.65,2,1.7320508075688772,1,3,3,4,0.26045876805547025,0.15037593984962405,0.06783876985697325,3,-0.3984962406015038,0.26045876805547025,0.15037593984962405,0.06783876985697325,3,0.3984962406015038,1.7320508075688772,1,3,3,0.17379974903075143,0.10034333188799374,0.030206352763152183,3,-0.24535705869544847,0.17379974903075143,0.10034333188799374,0.030206352763152183,3,0.24535705869544847
9,Visual information,6.65,2,0.7637626158259734,0.4409585518440985,0.5833333333333334,3,4.166666666666667,0.11485152117683808,0.06630955666828547,0.013190871916633687,3,-0.3734335839598998,0.11485152117683808,0.06630955666828547,0.013190871916633687,3,0.3734335839598998,0.7637626158259734,0.4409585518440985,0.5833333333333334,3,0.07826156330207619,0.04518433463965463,0.006124872290484878,3,-0.20778896529835233,0.07826156330207619,0.04518433463965463,0.006124872290484878,3,0.20778896529835233
10,Visual information,6.65,2,1,0.5773502691896258,1,3,6,0.15037593984962405,0.08681958935182342,0.02261292328565775,3,-0.09774436090225569,0.10235878624893305,0.05909687279474486,0.010477321122354766,3,0.13283208020050127,0.6806859285554049,0.3929942040850534,0.4633333333333337,3,0.07314932806558613,0.042232784249706404,0.0053508241964467474,3,-0.04874854705846486,0.05336773623163748,0.030811876879376844,0.0028481152704896316,3,0.06359947686589967
11,Visual information,6.65,2,0.5773502691896257,0.3333333333333333,0.3333333333333333,3,3.3333333333333335,0.08681958935182342,0.050125313283208024,0.00753764109521925,3,-0.4987468671679198,0.08681958935182342,0.050125313283208024,0.00753764109521925,3,0.4987468671679198,0.5773502691896257,0.3333333333333333,0.3333333333333333,3,0.07213341321301375,0.0416462455361,0.005203229301759387,3,-0.3040541450473422,0.07213341321301375,0.0416462455361,0.005203229301759387,3,0.3040541450473422
12,Visual information,6.65,2,0.5773502691896257,0.3333333333333333,0.3333333333333333,3,2.6666666666666665,0.08681958935182342,0.050125313283208024,0.00753764109521925,3,-0.5989974937343359,0.08681958935182342,0.050125313283208024,0.00753764109521925,3,0.5989974937343359,0.5773502691896257,0.3333333333333333,0.3333333333333333,3,0.10166633581773765,0.058697086351893725,0.010336043838605006,3,-0.40439747693533595,0.10166633581773765,0.058697086351893725,0.010336043838605006,3,0.40439747693533595
13,Visual information,6.65,2,0.7094598884597587,0.4096068575814836,0.5033333333333333,3,2.8666666666666667,0.10668569751274568,0.06159501617766671,0.011381838053781068,3,-0.568922305764411,0.10668569751274568,0.06159501617766671,0.011381838053781068,3,0.568922305764411,0.7094598884597589,0.40960685758148374,0.5033333333333336,3,0.11379320245926462,0.06569853607180602,0.012948892925935188,3,-0.3750187807018188,0.11379320245926462,0.06569853607180602,0.012948892925935188,3,0.3750187807018188
14,Visual information,6.65,2,1,0.5773502691896258,1,3,6,0.15037593984962405,0.08681958935182342,0.02261292328565775,3,-0.09774436090225569,0.10235878624893305,0.05909687279474486,0.010477321122354766,3,0.13283208020050127,0.6806859285554049,0.3929942040850534,0.4633333333333337,3,0.07314932806558613,0.042232784249706404,0.0053508241964467474,3,-0.04874854705846486,0.05336773623163748,0.030811876879376844,0.0028481152704896316,3,0.06359947686589967
15,Visual information,6.65,2,0.5773502691896257,0.3333333333333333,0.3333333333333333,3,4.666666666666667,0.08681958935182342,0.050125313283208024,0.00753764109521925,3,-0.29824561403508776,0.08681958935182342,0.050125313283208024,0.00753764109521925,3,0.29824561403508776,0.5773502691896257,0.3333333333333333,0.3333333333333333,3,0.055951022097371496,0.03230333766935214,0.0031305168737405537,3,-0.15615497863643796,0.055951022097371496,0.03230333766935214,0.0031305168737405537,3,0.15615497863643796
16,Visual information,6.65,2,14.433756729740644,8.333333333333334,208.33333333333334,3,13.333333333333334,2.1704897337955855,1.2531328320802004,4.711025684512032,3,1.005012531328321,1.8839850889345684,1.087719298245614,3.5493998153277935,3,1.3358395989974938,12.528500841414878,7.233333333333333,156.96333333333334,3,0.4492658338792406,0.25938375012788123,0.20183978949120937,3,0.13553210916079542,0.3062542773753928,0.17681598948315735,0.09379168241072403,3,0.30066763045024314
17,Visual information,6.65,2,0,0,0,3,5,0,0,0,3,-0.24812030075187974,0,0,0,3,0.24812030075187974,0,0,0,3,0,0,0,3,-0.12385164096708581,0,0,0,3,0.12385164096708581
18,Visual information,6.65,2,2,1.1547005383792517,4,3,5,0.3007518796992481,0.17363917870364684,0.090451693142631,3,-0.24812030075187974,0.24997408801587337,0.1443226070063957,0.06248704467936761,3,0.2832080200501253,1.662327685305558,0.9597453365925315,2.7633333333333345,3,0.18528230039288032,0.10697278600790257,0.03432953083887754,3,-0.14909187894645862,0.1653972387235719,0.09549214030027503,0.027356246577382233,3,0.16394280875389342
19,Visual information,6.65,2,0.28867513459481287,0.16666666666666666,0.08333333333333333,3,1.8333333333333333,0.04340979467591171,0.025062656641604012,0.0018844102738048126,3,-0.7243107769423559,0.04340979467591171,0.025062656641604012,0.0018844102738048126,3,0.7243107769423559,0.28867513459481287,0.16666666666666666,0.08333333333333333,3,0.07213341321301377,0.04164624553610001,0.0052032293017593885,3,-0.5634378951752234,0.07213341321301377,0.04164624553610001,0.0052032293017593885,3,0.5634378951752234
20,Visual information,6.65,2,1.4433756729740645,0.8333333333333335,2.0833333333333335,3,6.166666666666667,0.21704897337955856,0.12531328320802004,0.04711025684512032,3,-0.07268170426065168,0.15627526083328222,0.09022556390977447,0.024421957148510393,3,0.14285714285714282,1.039230484541327,0.6000000000000003,1.080000000000001,3,0.1107851602276295,0.06396184207963772,0.012273351726661542,3,-0.041685447368485506,0.08506259526151334,0.04911091227220292,0.007235645112624031,3,0.07138730698335512
1,Visual information,9,2,7.637626158259733,4.409585518440984,58.333333333333336,3,13.333333333333334,0.848625128695526,0.48995394649344276,0.720164609053498,3,0.4814814814814815,0.4006168083848878,0.2312962221629037,0.16049382716049387,3,0.7777777777777778,3.605551275463989,2.0816659994661326,13,3,0.31773432632950055,0.18344399883712156,0.10095510212806155,3,0.10445457691256889,0.06468104707688159,0.037343619941304446,0.004183637850961773,3,0.2746362469814396
2,Visual information,9,2,4.163331998932265,2.4037008503093262,17.333333333333332,3,15.333333333333334,0.4625924443258073,0.26707787225659185,0.21399176954732516,3,0.7037037037037037,0.4625924443258073,0.26707787225659185,0.21399176954732516,3,0.7037037037037037,4.163331998932265,2.4037008503093262,17.333333333333332,3,0.11379320245926464,0.06569853607180602,0.012948892925935191,3,0.2212039163572898,0.11379320245926464,0.06569853607180602,0.012948892925935191,3,0.2212039163572898
3,Visual information,9,2,0.5773502691896257,0.3333333333333333,0.3333333333333333,3,3.6666666666666665,0.06415002990995838,0.03703703703703702,0.004115226337448555,3,-0.5925925925925926,0.06415002990995838,0.03703703703703702,0.004115226337448555,3,0.5925925925925926,0.5773502691896257,0.3333333333333333,0.3333333333333333,3,0.0721334132130137,0.04164624553609997,0.00520322930175938,3,-0.3938287636474625,0.0721334132130137,0.04164624553609997,0.00520322930175938,3,0.3938287636474625
4,Visual information,9,2,0,0,0,3,3,0,0,0,3,-0.6666666666666666,0,0,0,3,0.6666666666666666,0,0,0,3,0,0,0,3,-0.47712125471966244,0,0,0,3,0.47712125471966244
5,Visual information,9,2,0,0,0,3,6,0,0,0,3,-0.3333333333333333,0,0,0,3,0.3333333333333333,0,0,0,3,0,0,0,3,-0.17609125905568127,0,0,0,3,0.17609125905568127
6,Visual information,9,2,1.5,0.8660254037844387,2.25,3,5,0.16666666666666669,0.09622504486493764,0.027777777777777783,3,-0.4444444444444445,0.16666666666666669,0.09622504486493764,0.027777777777777783,3,0.4444444444444445,1.5,0.8660254037844387,2.25,3,0.13494165818607162,0.07790860267862293,0.018209251114006588,3,-0.2689253743296082,0.13494165818607162,0.07790860267862293,0.018209251114006588,3,0.2689253743296082
7,Visual information,9,2,0.5773502691896257,0.3333333333333333,0.3333333333333333,3,5.333333333333333,0.06415002990995841,0.037037037037037035,0.004115226337448559,3,-0.4074074074074074,0.06415002990995841,0.037037037037037035,0.004115226337448559,3,0.4074074074074074,0.5773502691896257,0.3333333333333333,0.3333333333333333,3,0.04571531372036617,0.0263937486825416,0.0020898899085514994,3,-0.22887875642076447,0.04571531372036617,0.0263937486825416,0.0020898899085514994,3,0.22887875642076447
8,Visual information,9,2,2.0816659994661326,1.2018504251546631,4.333333333333333,3,5.666666666666667,0.23129622216290366,0.13353893612829593,0.05349794238683128,3,-0.37037037037037035,0.23129622216290366,0.13353893612829593,0.05349794238683128,3,0.37037037037037035,2.0816659994661326,1.2018504251546631,4.333333333333333,3,0.15366390610145098,0.0887178975524021,0.02361259603835554,3,-0.21953584855401664,0.15366390610145098,0.0887178975524021,0.02361259603835554,3,0.21953584855401664
9,Visual information,9,2,0,0,0,3,5,0,0,0,3,-0.4444444444444444,0,0,0,3,0.4444444444444444,0,0,0,3,0,0,0,3,-0.25527250510330607,0,0,0,3,0.25527250510330607
10,Visual information,9,2,0.5773502691896257,0.3333333333333333,0.3333333333333333,3,6.666666666666667,0.06415002990995841,0.037037037037037035,0.004115226337448559,3,-0.25925925925925924,0.06415002990995841,0.037037037037037035,0.004115226337448559,3,0.25925925925925924,0.5773502691896257,0.3333333333333333,0.3333333333333333,3,0.0386517470146158,0.02231559654353775,0.0014939575472818613,3,-0.13146006596860577,0.0386517470146158,0.02231559654353775,0.0014939575472818613,3,0.13146006596860577
11,Visual information,9,2,0,0,0,3,3,0,0,0,3,-0.6666666666666666,0,0,0,3,0.6666666666666666,0,0,0,3,0,0,0,3,-0.47712125471966244,0,0,0,3,0.47712125471966244
12,Visual information,9,2,2.0816659994661326,1.2018504251546631,4.333333333333333,3,4.333333333333333,0.23129622216290366,0.13353893612829593,0.05349794238683128,3,-0.5185185185185185,0.23129622216290366,0.13353893612829593,0.05349794238683128,3,0.5185185185185185,2.0816659994661326,1.2018504251546631,4.333333333333333,3,0.255692071293063,0.1476238861907029,0.06537843532213682,3,-0.3615254259781103,0.255692071293063,0.1476238861907029,0.06537843532213682,3,0.3615254259781103
13,Visual information,9,2,0.28867513459481287,0.16666666666666666,0.08333333333333333,3,3.6666666666666665,0.03207501495497923,0.01851851851851853,0.0010288065843621409,3,-0.5925925925925927,0.03207501495497923,0.01851851851851853,0.0010288065843621409,3,0.5925925925925927,0.28867513459481287,0.16666666666666666,0.08333333333333333,3,0.03348166619839794,0.019330648992562243,0.0011210219714209429,3,-0.390843816096487,0.03348166619839794,0.019330648992562243,0.0011210219714209429,3,0.390843816096487
14,Visual information,9,2,1.7320508075688772,1,3,3,6,0.19245008972987526,0.11111111111111112,0.03703703703703704,3,-0.3333333333333333,0.19245008972987526,0.11111111111111112,0.03703703703703704,3,0.3333333333333333,1.7320508075688772,1,3,3,0.1403180828323535,0.08101268289543151,0.019689164369747218,3,-0.19015715232049954,0.1403180828323535,0.08101268289543151,0.019689164369747218,3,0.19015715232049954
15,Visual information,9,2,0.5773502691896257,0.3333333333333333,0.3333333333333333,3,4.333333333333333,0.06415002990995845,0.03703703703703706,0.0041152263374485635,3,-0.5185185185185185,0.06415002990995845,0.03703703703703706,0.0041152263374485635,3,0.5185185185185185,0.5773502691896257,0.3333333333333333,0.3333333333333333,3,0.05595102209737153,0.03230333766935215,0.0031305168737405576,3,-0.31987918044201036,0.05595102209737153,0.03230333766935215,0.0031305168737405576,3,0.31987918044201036
16,Visual information,9,2,5.773502691896258,3.333333333333334,33.333333333333336,3,33.333333333333336,0.6415002990995842,0.3703703703703704,0.411522633744856,3,2.7037037037037037,0.6415002990995842,0.3703703703703704,0.411522633744856,3,2.7037037037037037,5.773502691896258,3.333333333333334,33.333333333333336,3,0.0721334132130137,0.04164624553609997,0.00520322930175938,3,0.5645249908164376,0.0721334132130137,0.04164624553609997,0.00520322930175938,3,0.5645249908164376
17,Visual information,9,2,0,0,0,3,7,0,0,0,3,-0.2222222222222222,0,0,0,3,0.2222222222222222,0,0,0,3,0,0,0,3,-0.10914446942506803,0,0,0,3,0.10914446942506803
18,Visual information,9,2,1.1547005383792515,0.6666666666666666,1.3333333333333333,3,5.333333333333333,0.12830005981991685,0.07407407407407408,0.016460905349794244,3,-0.4074074074074074,0.12830005981991685,0.07407407407407408,0.016460905349794244,3,0.4074074074074074,1.1547005383792515,0.6666666666666666,1.3333333333333333,3,0.10166633581773771,0.05869708635189376,0.010336043838605017,3,-0.234788345407575,0.10166633581773771,0.05869708635189376,0.010336043838605017,3,0.234788345407575
19,Visual information,9,2,0.28867513459481287,0.16666666666666666,0.08333333333333333,3,2.3333333333333335,0.03207501495497923,0.01851851851851853,0.0010288065843621409,3,-0.7407407407407407,0.03207501495497923,0.01851851851851853,0.0010288065843621409,3,0.7407407407407407,0.28867513459481287,0.16666666666666666,0.08333333333333333,3,0.05595102209737153,0.03230333766935215,0.0031305168737405576,3,-0.5886058384366394,0.05595102209737153,0.03230333766935215,0.0031305168737405576,3,0.5886058384366394
20,Visual information,9,2,1,0.5773502691896258,1,3,6,0.1111111111111111,0.06415002990995843,0.012345679012345678,3,-0.3333333333333333,0.1111111111111111,0.06415002990995843,0.012345679012345678,3,0.3333333333333333,1,0.5773502691896258,1,3,0.07314932806558615,0.04223278424970641,0.005350824196446748,3,-0.18016941119468513,0.07314932806558615,0.04223278424970641,0.005350824196446748,3,0.18016941119468513
